"date";"open";"high";"low";"close";"volume";"adjusted"
2010-01-04;16,9;17,35;16,799999;17,059999;8823100;12,22651
2010-01-05;17,02;17,209999;16,790001;16,860001;9931300;12,083179
2010-01-06;16,950001;17,290001;16,870001;17,1;13240700;12,255181
2010-01-07;17,540001;17,66;16,959999;17,49;19939600;12,53468
2010-01-08;17,139999;17,200001;16,85;16,92;13217600;12,126175
2010-01-11;17,110001;17,110001;16,379999;16,620001;13099600;11,911174
2010-01-12;16,41;16,629999;16,200001;16,370001;9274500;11,732007
2010-01-13;16,450001;16,76;16,389999;16,440001;11278300;11,782175
2010-01-14;16,34;16,559999;16,17;16,51;7264700;11,832337
2010-01-15;16,51;16,780001;16,34;16,549999;7861400;11,861007
2010-01-19;16,52;16,75;16,52;16,690001;6200100;11,961342
2010-01-20;16,58;16,65;16,309999;16,440001;8340000;11,782175
2010-01-21;16,48;16,74;15,71;15,74;15396400;11,280499
2010-01-22;15,8;16,110001;15,44;15,57;14624100;11,158666
2010-01-25;15,77;15,87;15,48;15,53;8914100;11,129998
2010-01-26;15,54;16,07;15,39;15,82;12576900;11,337834
2010-01-27;15,74;15,95;15,46;15,67;9142100;11,230331
2010-01-28;15,8;15,96;15,53;15,78;11597800;11,309168
2010-01-29;16,120001;16,32;15,92;15,93;13552000;11,416668
2010-02-01;15,61;15,92;15,34;15,92;21044900;11,409498
2010-02-02;15,89;16,32;15,77;16,209999;11490300;11,617338
2010-02-03;16,01;16,290001;15,89;16,24;9002500;11,638837
2010-02-04;16,83;17,059999;16,41;16,67;25824900;11,94701
2010-02-05;16,67;16,719999;15,8;16,42;15113100;11,767844
2010-02-08;16,469999;16,690001;16,24;16,27;11105900;11,660337
2010-02-09;16,469999;16,879999;16,32;16,709999;9663700;11,975676
2010-02-10;16,719999;16,9;16,51;16,75;10031500;12,004343
2010-02-11;16,68;17,139999;16,530001;17,129999;8385100;12,276681
2010-02-12;16,91;17,389999;16,76;17,32;8157000;12,412848
2010-02-16;17,290001;17,92;17,290001;17,889999;10003000;12,821358
2010-02-17;17,84;18,1;17,76;17,93;8487300;12,850025
2010-02-18;17,85;18,290001;17,67;18,16;9650600;13,014859
2010-02-19;18,08;18,629999;18,08;18,540001;8310900;13,287195
2010-02-22;18,610001;18,85;18,33;18,469999;16609800;13,237027
2010-02-23;18,389999;18,860001;18,280001;18,67;14242200;13,380363
2010-02-24;18,57;19,549999;18,57;19,52;15246300;13,989538
2010-02-25;19,139999;19,379999;19,030001;19,280001;16659700;13,817537
2010-02-26;19,280001;19,35;19,030001;19,15;11371400;13,724367
2010-03-01;19,209999;19,959999;19,18;19,780001;13501000;14,175877
2010-03-02;19,959999;20,049999;19,559999;20;15373300;14,333547
2010-03-03;19,950001;20,1;19,809999;20,030001;12867100;14,355048
2010-03-04;20,120001;20,530001;19,82;19,879999;20924400;14,24754
2010-03-05;20,030001;20,6;19,940001;20,450001;11863000;14,656047
2010-03-08;20,84;21,17;20,620001;21,040001;13075800;15,078883
2010-03-09;20,98;21,059999;20,459999;20,68;9294200;14,820887
2010-03-10;20,66;21,32;20,58;20,98;10624000;15,035892
2010-03-11;20,879999;21,280001;20,809999;21,059999;7718000;15,129278
2010-03-12;21,32;21,799999;21,209999;21,75;13393000;15,624973
2010-03-15;21,59;21,74;21,33;21,559999;11341500;15,488475
2010-03-16;21,6;21,68;21,41;21,639999;5545000;15,54594
2010-03-17;21,790001;21,82;21,35;21,58;7045200;15,50284
2010-03-18;21,52;21,629999;21,190001;21,389999;6874900;15,366343
2010-03-19;20,889999;21,5;20,809999;20,889999;10886600;15,007154
2010-03-22;20,68;22,049999;20,65;22;15856700;15,804565
2010-03-23;22,110001;22,16;21,42;21,870001;12568600;15,711178
2010-03-24;21,74;21,860001;21,370001;21,5;6577200;15,445368
2010-03-25;21,719999;22,1;21,49;21,5;6483000;15,445368
2010-03-26;21,6;22;21,530001;21,719999;5452500;15,603417
2010-03-29;21,870001;21,99;21,6;21,639999;5918200;15,54594
2010-03-30;21,620001;22,27;21,43;22,120001;10228500;15,890773
2010-03-31;21,93;22,129999;21,65;21,77;8912400;15,639334
2010-04-01;21,99;22,4;21,93;22,34;7789200;16,048811
2010-04-05;22,4;22,860001;22,24;22,84;9909600;16,408012
2010-04-06;22,75;22,809999;22,43;22,610001;6338600;16,242783
2010-04-07;22,639999;22,950001;22,23;22,459999;11047700;16,135025
2010-04-08;22,200001;22,74;22,08;22,65;11379400;16,271521
2010-04-09;22,610001;23,530001;22,51;23,51;9924600;16,889332
2010-04-12;23,5;23,59;22,92;22,940001;8159400;16,479853
2010-04-13;22,959999;23,389999;22,91;23,24;7152500;16,695366
2010-04-14;23,389999;23,969999;23,16;23,959999;9673700;17,212603
2010-04-15;23,870001;24,129999;23,700001;23,76;8950000;17,068928
2010-04-16;23,58;23,74;22,879999;22,98;10098200;16,508585
2010-04-19;22,9;23,190001;22,24;22,9;9214700;16,451118
2010-04-20;23,02;23,35;22,83;23,01;6970900;16,530136
2010-04-21;23,08;23,459999;22,65;23,440001;9741200;16,839048
2010-04-22;23,26;24,559999;23,139999;24,48;12120400;17,586174
2010-04-23;24,59;24,85;24,34;24,83;8290000;17,837605
2010-04-26;24,93;25,25;24,74;24,85;10826300;17,851971
2010-04-27;24,57;24,73;23,84;23,91;15620600;17,176689
2010-04-28;24,07;24,48;23,540001;24,030001;10493300;17,262892
2010-04-29;24,139999;24,780001;24,08;24,68;8213800;17,729849
2010-04-30;24,73;24,77;23,129999;23,200001;13736800;16,666628
2010-05-03;23,379999;23,92;23,25;23,74;9581800;17,054562
2010-05-04;23,42;23,540001;22,66;22,77;11596000;16,357725
2010-05-05;22,4;23,59;22,07;23,219999;14015800;16,681004
2010-05-06;22,950001;23,5;21;22,42;16695800;16,106285
2010-05-07;22,42;23;21,219999;21,940001;19231200;15,761465
2010-05-10;22,93;24,030001;22,93;23,969999;13555600;17,21979
2010-05-11;23,48;24,59;23,48;23,9;11650100;17,169504
2010-05-12;24,43;24,84;23,73;24,700001;16556400;17,744217
2010-05-13;24,57;24,57;23,360001;23,48;10928600;16,867773
2010-05-14;23,120001;23,27;22,17;22,540001;14567000;16,192493
2010-05-17;22,700001;22,85;21,610001;22,309999;13804700;16,027266
2010-05-18;22,6;22,67;21,280001;21,370001;17844900;15,351979
2010-05-19;21,67;21,940001;20,93;21,35;15519100;15,337611
2010-05-20;20,780001;21,040001;20,27;20,35;22168500;14,619222
2010-05-21;20,07;21,24;19,9;21,049999;16883200;15,122095
2010-05-24;21,030001;21,59;20,93;21,15;12801200;15,193929
2010-05-25;20,34;21,530001;20,120001;21,51;13350600;15,452551
2010-05-26;21,82;21,879999;20,9;21,02;12148400;15,100541
2010-05-27;21,620001;22,08;21,25;22,049999;10428800;15,840483
2010-05-28;22,030001;22,620001;21,93;22,209999;10119200;15,955425
2010-06-01;22,33;22,93;21,860001;21,879999;13186500;15,718361
2010-06-02;22,07;22,43;21,790001;22,4;9234800;16,091915
2010-06-03;22,639999;23,059999;22,280001;22,49;11679200;16,156574
2010-06-04;21,9;22,030001;20,860001;21,030001;12302600;15,107728
2010-06-07;21,1;21,389999;20,58;20,58;10050600;14,784451
2010-06-08;20,67;20,879999;20,030001;20,58;10358800;14,784451
2010-06-09;20,74;21,219999;20,35;20,52;11729900;14,741343
2010-06-10;21;21,4;20,879999;21,33;8205800;15,323248
2010-06-11;20,99;21,58;20,75;21,24;6824100;15,294442
2010-06-14;21,5;22,110001;21,41;21,73;7655600;15,647281
2010-06-15;21,99;22,309999;21,540001;22,209999;11637300;15,992915
2010-06-16;21,93;22,120001;21,549999;21,799999;7042900;15,697681
2010-06-17;21,959999;21,969999;21,280001;21,67;6524900;15,604076
2010-06-18;21,73;21,84;21,27;21,459999;6990200;15,452857
2010-06-21;21,780001;21,799999;20,57;20,74;8110700;14,934402
2010-06-22;20,799999;21,15;20;20,059999;11087900;14,444748
2010-06-23;20,030001;20,280001;19,549999;20,09;13746300;14,466351
2010-06-24;19,84;19,879999;18,799999;18,85;16068300;13,573456
2010-06-25;18,879999;19,27;18,67;19,02;14157700;13,69587
2010-06-28;19;19,219999;18,58;18,82;10097500;13,551851
2010-06-29;18,43;18,48;17,629999;17,77;14538000;12,795773
2010-06-30;17,85;18,389999;17,799999;17,9;12078000;12,889383
2010-07-01;17,82;18,379999;17,58;18,33;17295700;13,199018
2010-07-02;18,48;18,540001;17,73;17,85;7060000;12,853376
2010-07-06;18,290001;18,4;17,200001;17,41;11938000;12,536542
2010-07-07;17,35;17,940001;17,34;17,91;15119000;12,896583
2010-07-08;18,4;18,559999;17,76;18,440001;15866000;13,278222
2010-07-09;18,459999;18,59;18,139999;18,530001;8153000;13,343029
2010-07-12;18,450001;18,559999;17,790001;17,98;8036100;12,946992
2010-07-13;18,18;18,59;18,030001;18,469999;8043300;13,299825
2010-07-14;18,42;18,540001;18,030001;18,379999;7003400;13,235018
2010-07-15;18,4;18,469999;17,92;18,299999;8319100;13,177414
2010-07-16;18,209999;18,25;17,110001;17,16;9126100;12,356525
2010-07-19;17,389999;17,59;16,93;17,530001;6977700;12,622954
2010-07-20;17,26;18,440001;17,08;18,42;12855800;13,263821
2010-07-21;18,49;18,93;18,09;18,200001;14751000;13,105408
2010-07-22;18,48;19,379999;18,43;19,24;12465100;13,854283
2010-07-23;19,17;19,48;18,83;19,379999;9019400;13,955096
2010-07-26;19,48;20,15;19,1;20,139999;7897700;14,502357
2010-07-27;20,299999;20,35;19,5;19,58;9281800;14,099114
2010-07-28;19,48;19,73;19;19,049999;7135900;13,71747
2010-07-29;19,219999;19,5;18,389999;18,639999;10583500;13,42224
2010-07-30;18,389999;18,77;18,25;18,65;9605300;13,429438
2010-08-02;19,08;19,5;18,75;19,459999;8269900;14,012708
2010-08-03;19,440001;19,450001;18,700001;18,84;9463200;13,566256
2010-08-04;18,950001;19,48;18,950001;19,440001;9169600;13,998301
2010-08-05;19,1;19,950001;18,76;19,780001;13099400;14,243129
2010-08-06;19,559999;19,780001;19,030001;19,440001;7567800;13,998301
2010-08-09;19,620001;19,98;19,370001;19,76;6331600;14,228726
2010-08-10;19,85;19,85;19,219999;19,379999;11609700;13,955096
2010-08-11;19,620001;20,58;19,43;20,52;24963500;14,775981
2010-08-12;20,139999;20,33;19,74;20,25;14536300;14,581567
2010-08-13;20,139999;20,469999;20,049999;20,129999;9363000;14,495153
2010-08-16;19,889999;20,34;19,75;20,139999;7893100;14,502357
2010-08-17;20,360001;20,77;20,190001;20,51;8512100;14,768785
2010-08-18;20,469999;21,190001;20,42;21,049999;10031400;15,157627
2010-08-19;20,870001;20,969999;20,540001;20,719999;7126900;14,919996
2010-08-20;20,540001;21,120001;20,41;20,969999;7054500;15,100021
2010-08-23;20,93;21,07;20,16;20,200001;8156300;14,545563
2010-08-24;20;20;19,290001;19,59;11871400;14,106313
2010-08-25;19,450001;20;19,200001;19,790001;9587100;14,25033
2010-08-26;19,860001;20,049999;19,049999;19,209999;10101800;13,832681
2010-08-27;19,370001;19,780001;19,049999;19,6;9657500;14,113513
2010-08-30;19,540001;19,73;19,120001;19,190001;6421000;13,818286
2010-08-31;19,08;19,74;19;19,41;8314900;13,976698
2010-09-01;19,700001;20,26;19,66;20,190001;6942700;14,538361
2010-09-02;20,41;20,77;20,16;20,709999;7839700;14,912797
2010-09-03;21,07;21,32;20,76;20,870001;7505400;15,02801
2010-09-07;20,76;21;20,42;20,48;5834700;14,747186
2010-09-08;20,35;20,870001;20,219999;20,42;8989000;14,703979
2010-09-09;20,82;20,889999;20,4;20,629999;5104100;14,855195
2010-09-10;20,6;20,950001;20,41;20,799999;4726700;14,977612
2010-09-13;21,059999;21,26;20,940001;21,049999;5501800;15,194152
2010-09-14;21,309999;22,120001;21,07;21,65;10214300;15,627235
2010-09-15;21,459999;21,639999;21,35;21,5;5424300;15,518963
2010-09-16;21,4;21,74;21,27;21,690001;5548400;15,656114
2010-09-17;21,860001;21,889999;21,379999;21,75;7221100;15,699426
2010-09-20;21,780001;22,23;21,549999;22,129999;7309400;15,973705
2010-09-21;22,09;22,23;21,629999;21,99;7599800;15,872653
2010-09-22;21,75;22,1;21,450001;22;11510000;15,879871
2010-09-23;21,82;22,709999;21,639999;22,280001;13304600;16,081976
2010-09-24;22,690001;23;22,51;22,75;7311600;16,421232
2010-09-27;22,860001;22,969999;22,610001;22,73;5085200;16,406797
2010-09-28;22,76;23,040001;22,360001;22,969999;8458400;16,580034
2010-09-29;22,84;23,23;22,77;23,17;5817600;16,724392
2010-09-30;23,290001;23,4;22,700001;23,08;6948400;16,659428
2010-10-01;23,32;23,4;23,040001;23,15;8074800;16,709959
2010-10-04;22,709999;22,77;22,01;22,76;11539400;16,428452
2010-10-05;23,27;23,700001;23,08;23,52;10866900;16,977026
2010-10-06;23,469999;23,73;23,09;23,700001;9845700;17,106955
2010-10-07;23,440001;23,98;23,25;23,85;9369000;17,215227
2010-10-08;23,93;24,5;23,83;24,360001;8880900;17,583349
2010-10-11;24,41;25,26;24,379999;24,85;11765500;17,937035
2010-10-12;24,719999;25,07;24,559999;24,959999;7008200;18,016439
2010-10-13;25,1;25,18;24,280001;24,34;9205700;17,568907
2010-10-14;24,379999;24,709999;23,790001;24,040001;9213600;17,352373
2010-10-15;24,309999;24,379999;23,879999;24,18;6672800;17,453424
2010-10-18;24,24;24,6;23,940001;24;8374300;17,3235
2010-10-19;23,639999;23,799999;22,459999;22,639999;18821700;16,341831
2010-10-20;22,790001;22,98;22,360001;22,43;13418600;16,190248
2010-10-21;22,549999;22,620001;21,9;22,25;9316700;16,060328
2010-10-22;22,33;22,4;21,99;22,18;7419900;16,0098
2010-10-25;22,34;22,950001;22,32;22,469999;8319700;16,219122
2010-10-26;22,370001;23,139999;22,190001;22,959999;8788100;16,572811
2010-10-27;22,799999;23,209999;22,51;23,040001;10439100;16,630556
2010-10-28;23,52;23,67;22,83;23,290001;10461300;16,81101
2010-10-29;23,23;23,93;23,09;23,67;8934900;17,085297
2010-11-01;23,870001;24,26;23,73;23,969999;8165600;17,301842
2010-11-02;24,18;24,370001;23,690001;24,02;8271100;17,337933
2010-11-03;24,030001;24,110001;23,559999;23,969999;6687500;17,301842
2010-11-04;24,67;25,85;24,6;25,559999;11477800;18,449524
2010-11-05;25,73;26,030001;25,5;25,57;7505300;18,456745
2010-11-08;25,389999;25,629999;25,07;25,57;6574700;18,456745
2010-11-09;25,74;25,75;25,01;25,219999;7575700;18,204107
2010-11-10;25,33;25,6;24,74;24,860001;12263400;17,94426
2010-11-11;24,75;25,09;24,42;24,92;7344000;17,987566
2010-11-12;24,74;25,280001;24,629999;25,059999;10751700;18,088619
2010-11-15;25,139999;25,24;24,629999;24,700001;7762500;17,828768
2010-11-16;24,440001;24,9;23,9;24,15;8772300;17,431765
2010-11-17;24,190001;24,969999;24,040001;24,65;9480800;17,792681
2010-11-18;25,01;25,200001;24,700001;24,73;6371400;17,85042
2010-11-19;24,73;25,18;24,6;25,08;6236000;18,103052
2010-11-22;25,059999;25,780001;24,99;25,639999;9155300;18,507269
2010-11-23;25,35;26,139999;25,299999;25,450001;11114500;18,370123
2010-11-24;26;26,040001;25,549999;25,889999;8252200;18,687717
2010-11-26;26,299999;26,32;25,66;26;5427200;18,767124
2010-11-29;26,049999;26,200001;25,209999;25,42;9935000;18,348465
2010-11-30;25,440001;26,120001;25,26;25,68;9731400;18,536137
2010-12-01;26,16;26,200001;25,540001;25,799999;8205000;18,622761
2010-12-02;25,93;26,200001;25,33;25,540001;12666400;18,435083
2010-12-03;25,24;25,49;24,52;25,059999;12011100;18,088619
2010-12-06;25,040001;25,32;24,950001;25,18;6657600;18,175234
2010-12-07;25,469999;25,83;25,42;25,58;9261300;18,463961
2010-12-08;25,629999;25,780001;24,91;25,49;6228900;18,398994
2010-12-09;25,559999;25,700001;25,360001;25,440001;4794700;18,362904
2010-12-10;25,559999;25,65;25,33;25,49;4529700;18,398994
2010-12-13;25,469999;25,540001;24,91;24,950001;5744200;18,044615
2010-12-14;25,02;25,280001;24,870001;25,18;6336800;18,210957
2010-12-15;25,09;25,360001;25,01;25,27;5706400;18,276045
2010-12-16;25,290001;25,809999;25,049999;25,73;9251600;18,608734
2010-12-17;25,780001;26,17;25,52;25,889999;11601100;18,724449
2010-12-20;26,120001;26,15;25,58;25,6;4908200;18,514713
2010-12-21;25,74;26,16;25,709999;25,98;8490900;18,789543
2010-12-22;25,98;26,1;25,48;25,49;6338600;18,435158
2010-12-23;25,540001;25,790001;25,07;25,16;7529000;18,196491
2010-12-27;25,17;25,26;24,58;25,16;3809000;18,196491
2010-12-28;25,059999;25,24;24,879999;25;3214100;18,080772
2010-12-29;25,01;25,309999;24,99;25,040001;3703600;18,109699
2010-12-30;25,16;25,469999;25;25,24;4021900;18,254351
2010-12-31;25,190001;25,530001;25,09;25,299999;4828100;18,297741
2011-01-03;25,5;25,809999;25,42;25,440001;4954700;18,398993
2011-01-04;25,309999;25,5;24,68;25,09;9240800;18,145872
2011-01-05;24,940001;25,360001;24,799999;24,969999;5973000;18,059078
2011-01-06;24,25;24,4;23,93;23,969999;14663000;17,335846
2011-01-07;23,959999;23,99;23,15;23,309999;13897400;16,858515
2011-01-10;23,17;23,67;23,15;23,48;11289400;16,981455
2011-01-11;23,85;23,91;23,120001;23,24;9347900;16,807884
2011-01-12;23,459999;23,459999;23,08;23,219999;9031300;16,79343
2011-01-13;23,25;23,299999;22,9;22,99;8065400;16,627087
2011-01-14;22,879999;23,08;22,780001;23,08;6921200;16,692169
2011-01-18;23,1;23,459999;23,01;23,4;8874000;16,923609
2011-01-19;23,33;23,610001;22,860001;22,92;5981600;16,576456
2011-01-20;23,360001;24,09;23,25;23,4;10561500;16,923609
2011-01-21;23,559999;23,559999;23,07;23,139999;5030600;16,735567
2011-01-24;23,15;23,530001;23;23,459999;4814200;16,966997
2011-01-25;23,33;23,540001;22,950001;23,33;5242400;16,872978
2011-01-26;23,360001;23,629999;23,120001;23,559999;6567000;17,039322
2011-01-27;23,559999;23,969999;23,440001;23,860001;6328500;17,256294
2011-01-28;23,92;23,940001;22,93;22,99;5608400;16,627087
2011-01-31;23,18;23,24;22,83;23,15;6501000;16,742802
2011-02-01;23,26;23,27;22,629999;22,74;9812600;16,446276
2011-02-02;22,65;22,65;21,76;22,01;11986200;15,918318
2011-02-03;22,629999;22,700001;21,690001;22,24;21569400;16,084661
2011-02-04;22,24;22,92;22,040001;22,82;9696200;16,504135
2011-02-07;22,85;23,57;22,75;23,51;9457700;17,00316
2011-02-08;23,52;24,27;23,379999;24,26;9642600;17,545584
2011-02-09;24,16;25,030001;23,9;23,9;14307000;17,285219
2011-02-10;23,879999;24,27;23,610001;24,219999;7588700;17,516655
2011-02-11;24,049999;24,629999;23,959999;24,620001;5254300;17,805946
2011-02-14;24,549999;24,709999;23,82;23,870001;9232400;17,263525
2011-02-15;23,82;24,049999;23,49;23,549999;7389200;17,032091
2011-02-16;23,82;24,27;23,549999;23,940001;9744500;17,31415
2011-02-17;23,940001;24,27;23,790001;24,059999;7229400;17,400936
2011-02-18;24,110001;24,32;23,65;23,75;8388100;17,176735
2011-02-22;23,74;24,09;23,1;23,459999;14962500;16,966997
2011-02-23;23,379999;23,870001;22,51;23,209999;10603800;16,786194
2011-02-24;23,209999;23,85;22,9;23,17;10206800;16,757265
2011-02-25;23,34;23,639999;22,959999;23,6;8522300;17,068253
2011-02-28;23,610001;23,93;23,51;23,9;7242800;17,285219
2011-03-01;24,02;24,02;23,23;23,34;7480100;16,880213
2011-03-02;23,299999;23,6;22,940001;23,58;10920600;17,053785
2011-03-03;24,059999;24,08;23,389999;23,639999;10920700;17,097176
2011-03-04;23,530001;23,809999;22,969999;23,360001;9317100;16,894676
2011-03-07;23,35;23,49;23,059999;23,26;8267400;16,822351
2011-03-08;23,469999;23,629999;23,17;23,370001;8109400;16,901915
2011-03-09;23,360001;24,299999;23,16;24,08;9356700;17,415398
2011-03-10;23,73;23,969999;23,51;23,6;6709200;17,068253
2011-03-11;23,52;23,93;23,27;23,74;6520500;17,205957
2011-03-14;23,530001;23,879999;23,08;23,469999;5192100;17,010273
2011-03-15;22,9;23,41;22,6;23,25;6684000;16,850822
2011-03-16;23,25;23,370001;22,780001;23,190001;10701800;16,807333
2011-03-17;23,610001;23,870001;23,07;23,110001;7435800;16,749352
2011-03-18;23,440001;23,5;22,75;22,99;9835100;16,662388
2011-03-21;23,219999;23,43;23,02;23,41;6474200;16,966789
2011-03-22;23,450001;23,450001;22,84;22,870001;6407100;16,575411
2011-03-23;22,76;23,02;22,5;22,950001;5944000;16,633394
2011-03-24;23,059999;23,200001;22,67;23,059999;7691200;16,713118
2011-03-25;23,07;23,67;22,969999;23,43;7858900;16,981279
2011-03-28;23,469999;23,76;23,129999;23,16;5116300;16,785591
2011-03-29;23,09;23,84;23,049999;23,639999;7306500;17,133476
2011-03-30;23,73;24,700001;23,6;24,24;9276600;17,568338
2011-03-31;24,139999;24,290001;23,48;24,26;8826900;17,582836
2011-04-01;24,48;24,82;24,190001;24,35;6364200;17,648067
2011-04-04;24,450001;24,52;23,85;23,93;4340700;17,343662
2011-04-05;23,85;24,77;23,709999;24,6;12750500;17,82926
2011-04-06;24,85;25,32;24,700001;25,190001;12609200;18,256868
2011-04-07;25,700001;25,99;24,360001;25,4;12964900;18,409073
2011-04-08;25,34;25,42;24,57;24,83;7594600;17,995951
2011-04-11;24,799999;25,25;24,780001;24,99;7565800;18,111912
2011-04-12;24,690001;25,43;24,629999;24,709999;11055200;17,908981
2011-04-13;24,93;25,08;24,4;24,68;8653100;17,887238
2011-04-14;24,559999;24,559999;24,17;24,440001;7137600;17,713297
2011-04-15;24,57;24,690001;24,34;24,4;8862800;17,684299
2011-04-18;23,959999;24,18;23,620001;23,92;8479900;17,336411
2011-04-19;23,92;24,02;23,68;23,92;5995600;17,336411
2011-04-20;24,26;24,58;24,049999;24,51;10296000;17,764029
2011-04-21;24,59;24,68;24,129999;24,16;5905000;17,510361
2011-04-25;24,15;24,209999;23,77;23,99;5480400;17,387146
2011-04-26;24,129999;24,51;23,91;24,49;10100000;17,749535
2011-04-27;24,58;24,99;24,370001;24,57;11429200;17,807518
2011-04-28;24,65;24,74;24,030001;24,209999;7835500;17,546598
2011-04-29;24,16;24,27;23,860001;23,91;6233300;17,329166
2011-05-02;24,360001;24,440001;23,98;24,18;8822800;17,524855
2011-05-03;24,110001;25,02;24,110001;24,98;12049100;18,10467
2011-05-04;25;25,549999;24,799999;25,4;14398800;18,409073
2011-05-05;25,469999;26,879999;25,360001;26,35;17335100;19,097603
2011-05-06;26,700001;26,82;25,940001;26,08;10154500;18,901913
2011-05-09;25,99;26,299999;25,68;26,18;8302200;18,974388
2011-05-10;26,35;26,59;26,209999;26,33;9326000;19,083101
2011-05-11;28,440001;28,879999;27,870001;28,360001;32939900;20,554384
2011-05-12;28,290001;28,84;27,85;28,620001;13679300;20,742809
2011-05-13;28,110001;28,84;28,030001;28,459999;9065100;20,626858
2011-05-16;28,370001;28,57;27,950001;28,059999;12469800;20,336952
2011-05-17;28,16;28,620001;27,860001;28,4;10306400;20,583366
2011-05-18;28,49;29,290001;28,360001;29,200001;9306900;21,163185
2011-05-19;29,74;30;29,190001;29,5;10812500;21,380617
2011-05-20;29,309999;29,33;28,51;28,629999;10625500;20,750061
2011-05-23;28,1;28,91;28,049999;28,58;9441600;20,713827
2011-05-24;28,719999;29,01;28,290001;28,290001;9456200;20,503649
2011-05-25;28,059999;28,43;27,799999;28,27;9725800;20,489151
2011-05-26;28,23;28,690001;28,16;28,65;7495200;20,764561
2011-05-27;28,809999;29,02;28,66;28,91;8281700;20,953003
2011-05-31;28,799999;28,98;28,549999;28,879999;9829200;20,931259
2011-06-01;28,75;29,18;28,219999;28,280001;12182700;20,496405
2011-06-02;28,120001;28,42;27,59;28,02;10765700;20,307957
2011-06-03;27,75;28,17;27,469999;27,540001;9070700;19,960073
2011-06-06;27,43;27,76;26,85;26,950001;9274300;19,532454
2011-06-07;27,049999;28,08;26,98;27,780001;9422300;20,134014
2011-06-08;27,610001;27,9;27,25;27,82;12100400;20,163006
2011-06-09;28,25;28,469999;27,99;28,129999;9633700;20,38768
2011-06-10;27,98;28;27,129999;27,23;7078400;19,735392
2011-06-13;27,26;27,450001;26,85;27,129999;5440600;19,735394
2011-06-14;27,389999;28,139999;27,26;27,889999;7528800;20,288246
2011-06-15;27,58;27,719999;27,17;27,290001;7074600;19,851786
2011-06-16;27,360001;27,450001;26,48;26,879999;10410800;19,553535
2011-06-17;27,1;27,379999;27,02;27,27;8130100;19,837233
2011-06-20;27,190001;27,98;27,02;27,65;6222900;20,113663
2011-06-21;27,809999;28,360001;27,620001;28,26;6306500;20,5574
2011-06-22;28,27;28,68;28,07;28,1;7457700;20,441006
2011-06-23;27,74;28,74;27,690001;28,700001;8899200;20,877472
2011-06-24;28,629999;28,84;28;28,02;7183800;20,382813
2011-06-27;28,07;28,370001;27,860001;28,15;5050400;20,477377
2011-06-28;28,299999;28,75;28,209999;28,73;5637900;20,89929
2011-06-29;28,879999;29,129999;28,450001;28,76;7632400;20,92112
2011-06-30;28,82;29,34;28,799999;29,24;7766100;21,270287
2011-07-01;29,18;29,959999;29,139999;29,879999;6495700;21,735847
2011-07-05;29,92;30;29,459999;29,6;6519700;21,532164
2011-07-06;29,530001;29,559999;28,6;28,870001;13658400;21,001135
2011-07-07;29,84;30,58;29,290001;30,459999;13555100;22,157763
2011-07-08;29,93;30,48;29,549999;30,42;8619000;22,128658
2011-07-11;29,860001;30,08;29,450001;29,6;6025500;21,532164
2011-07-12;29,32;30,1;29,32;29,66;6234300;21,575813
2011-07-13;29,799999;30,23;29,709999;29,82;4674300;21,692202
2011-07-14;29,969999;30,450001;29,66;30,059999;7578800;21,866789
2011-07-15;30,15;30,23;29,639999;29,98;4347900;21,808594
2011-07-18;29,91;29,99;29,389999;29,690001;4489600;21,597637
2011-07-19;29,91;30,25;29,690001;30,139999;5555500;21,924978
2011-07-20;30,209999;30,370001;29,4;29,6;4797600;21,532164
2011-07-21;29,82;30,4;29,74;29,940001;6471500;21,779499
2011-07-22;29,99;30,620001;29,940001;30,5;8149000;22,186861
2011-07-25;30,18;30,290001;29,889999;29,940001;4734900;21,779499
2011-07-26;29,889999;30,309999;29,690001;29,92;4382900;21,764942
2011-07-27;29,700001;29,92;29,040001;29,190001;6221300;21,233915
2011-07-28;29,17;29,66;28,879999;28,99;4762000;21,088428
2011-07-29;28,58;29,23;28,32;28,870001;6320800;21,001135
2011-08-01;29,110001;29,440001;28,5;29,280001;10307000;21,299385
2011-08-02;28,73;29,01;27,49;27,629999;13896400;20,099113
2011-08-03;27,629999;28,120001;27,219999;27,83;11750200;20,244595
2011-08-04;27,530001;27,76;26,09;26,129999;14726300;19,007954
2011-08-05;26,610001;26,639999;25,42;26,540001;19557900;19,306202
2011-08-08;25,799999;26,09;23,42;24,129999;13435500;17,553076
2011-08-09;24,389999;25,440001;23,33;25,440001;13199900;18,50602
2011-08-10;25,450001;25,67;24,48;24,52;17036000;17,836786
2011-08-11;24,709999;25,950001;24,65;25,48;10694300;18,53512
2011-08-12;26,190001;26,370001;25,32;25,549999;10097300;18,58604
2011-08-15;25,709999;25,85;25,07;25,74;7041600;18,724251
2011-08-16;25,4;25,610001;24,610001;25,190001;7282400;18,324165
2011-08-17;25,360001;25,379999;24,02;24,58;11468400;17,880424
2011-08-18;23,82;23,870001;22,790001;23,07;11742600;16,781992
2011-08-19;22,74;23,33;22,66;23,18;13931800;16,862015
2011-08-22;23,75;23,950001;23,139999;23,42;9151300;17,036598
2011-08-23;23,459999;24,309999;23,24;24,309999;6256400;17,684013
2011-08-24;24,280001;25,280001;24,120001;25,190001;10577200;18,324165
2011-08-25;25,290001;25,780001;24,34;24,450001;7238100;17,785858
2011-08-26;24,26;25,129999;23,82;24,9;9422300;18,113199
2011-08-29;25,299999;26,07;24,9;26,030001;9547600;18,935213
2011-08-30;25,959999;26,469999;25,360001;26,25;9163900;19,095245
2011-08-31;26,379999;26,940001;25,709999;25,950001;9460100;18,877014
2011-09-01;26,76;27,049999;26,129999;26,49;12807800;19,269835
2011-09-02;26,01;26,129999;25,209999;25,360001;7753200;18,447834
2011-09-06;24,33;24,98;24,200001;24,84;11868300;18,069561
2011-09-07;25,33;26,24;25,209999;26,24;7592000;19,087971
2011-09-08;25,969999;26,459999;25,610001;25,790001;6767700;18,76063
2011-09-09;25,5;25,790001;24,879999;25,17;7722600;18,309616
2011-09-12;24,82;25,709999;24,75;25,690001;7822700;18,687881
2011-09-13;25,76;26,040001;25,049999;25,35;10840800;18,512611
2011-09-14;25,540001;26,5;25,24;26,18;9471300;19,11875
2011-09-15;26,530001;27,49;26,4;27,48;9807100;20,068113
2011-09-16;27,73;28,209999;27,620001;27,74;8403300;20,257988
2011-09-19;27,23;27,65;27,07;27,559999;6490700;20,126539
2011-09-20;27,719999;27,959999;27,15;27,34;7518500;19,96587
2011-09-21;27,290001;27,52;26,120001;26,120001;7710500;19,07493
2011-09-22;25,209999;25,58;24,51;24,99;11526600;18,249718
2011-09-23;24,709999;25,82;24,67;25,620001;7022300;18,709791
2011-09-26;26,040001;27,34;25,709999;27,32;9973200;19,951265
2011-09-27;28,02;28,07;27;27,18;10026000;19,849026
2011-09-28;27,209999;27,73;27,08;27,18;10785100;19,849026
2011-09-29;27,700001;27,700001;26,5;27,26;8457600;19,90745
2011-09-30;26,92;27,200001;26,309999;26,32;8099300;19,220987
2011-10-03;26,110001;26,59;25,299999;25,370001;10133600;18,52722
2011-10-04;24,969999;26,219999;24,379999;26,17;15500000;19,111446
2011-10-05;26,200001;26,65;25,450001;26,17;12065900;19,111446
2011-10-06;25,74;26,469999;25,280001;26,440001;12010900;19,30862
2011-10-07;26,610001;27,4;26,549999;26,950001;11398500;19,681067
2011-10-10;27,450001;27,879999;27,41;27,700001;7242200;20,228779
2011-10-11;27,459999;28,040001;27,08;27,940001;12250000;20,404043
2011-10-12;28,209999;28,77;27,93;28,42;9068100;20,754576
2011-10-13;28,120001;28,77;28;28,35;7180600;20,703455
2011-10-14;28,91;29,299999;28,709999;29,26;9138200;21,368011
2011-10-17;29,07;29,43;28,75;28,85;5389200;21,068596
2011-10-18;28,950001;30,370001;28,620001;29,959999;9576900;21,879208
2011-10-19;29,74;30,02;29,33;29,42;7644600;21,484856
2011-10-20;29,48;29,67;28,98;29,540001;5702000;21,572491
2011-10-21;29,940001;30,24;29,23;29,84;8290900;21,791569
2011-10-24;29,91;31,370001;29,799999;31,120001;13643500;22,726334
2011-10-25;30,48;30,85;30,15;30,559999;6957900;22,317379
2011-10-26;30,969999;31;30,27;30,559999;8005700;22,317379
2011-10-27;31,450001;32,349998;30,889999;31,92;9531900;23,310556
2011-10-28;31,799999;32,119999;31;31,459999;11256500;22,974627
2011-10-31;30,959999;31,15;30,5;30,530001;8050400;22,295467
2011-11-01;29,049999;30,379999;28,690001;30,059999;10830400;21,952236
2011-11-02;30,82;30,950001;30,200001;30,42;9279900;22,215134
2011-11-03;30,24;31,58;29,459999;31,469999;12009400;22,981932
2011-11-04;31,09;31,43;30,700001;31,360001;7862300;22,901596
2011-11-07;31,43;32,400002;31,360001;32,349998;11292000;23,62458
2011-11-08;32,5;32,669998;31,360001;32,16;11893200;23,485823
2011-11-09;30,799999;31,58;30,200001;30,450001;14585200;22,237049
2011-11-10;31,02;31,389999;30,280001;30,77;8323700;22,470737
2011-11-11;31,1;31,58;30,790001;31,139999;6611600;22,740936
2011-11-14;30,879999;31,049999;30,440001;30,549999;8783600;22,310072
2011-11-15;30,440001;31,25;30,35;30,940001;6053600;22,594879
2011-11-16;30,67;31,450001;30,469999;30,719999;7497900;22,434219
2011-11-17;30,790001;31,139999;30,139999;30,42;7546900;22,215134
2011-11-18;30,690001;30,73;30,049999;30,360001;4916300;22,171318
2011-11-21;30,02;31,15;29,690001;31,01;10580000;22,646004
2011-11-22;30,940001;31,190001;30,25;30,48;10227400;22,258949
2011-11-23;30,08;30,219999;29,440001;29,559999;5813800;21,587093
2011-11-25;29,6;29,9;29,43;29,450001;2904400;21,506765
2011-11-28;30,780001;31,26;30,59;30,84;8325100;22,521852
2011-11-29;30,84;31,120001;30,379999;31,030001;8295400;22,660604
2011-11-30;32,09;32,389999;31,5;32,330002;9830900;23,609978
2011-12-01;32,299999;33;31,91;32,16;7438300;23,485823
2011-12-02;32,490002;33,009998;32,400002;32,540001;8296100;23,763336
2011-12-05;32,810001;33,259998;32,779999;33,139999;6202400;24,201502
2011-12-06;33,189999;33,200001;32,630001;32,950001;4414200;24,062748
2011-12-07;32,709999;33,25;32,459999;32,75;6146000;23,916693
2011-12-08;32,560001;33,040001;32,200001;32,290001;4553400;23,580761
2011-12-09;32,540001;32,959999;32,419998;32,790001;4304500;23,945902
2011-12-12;32,48;32,700001;32;32,419998;4592800;23,675697
2011-12-13;32,540001;32,59;30,49;30,709999;14099000;22,496309
2011-12-14;30,530001;31,41;30,52;30,82;8206800;22,576887
2011-12-15;31,379999;31,67;30,92;31,469999;5428300;23,05304
2011-12-16;31,709999;31,99;30,99;31,030001;7250000;22,730722
2011-12-19;31,26;31,34;30,42;30,57;4353800;22,393753
2011-12-20;31,139999;31,950001;30,950001;31,84;4244100;23,324076
2011-12-21;31,799999;32,130001;31,43;32,040001;3454900;23,470589
2011-12-22;32,110001;32,349998;31,66;31,870001;3480600;23,346058
2011-12-23;32,189999;32,200001;31,719999;32,200001;2174600;23,587795
2011-12-27;32,09;32,509998;31,889999;32,279999;2875100;23,646399
2011-12-28;32,369999;32,98;31,950001;32,669998;5293600;23,932085
2011-12-29;32,610001;33;32,290001;32,490002;3890400;23,800234
2011-12-30;32,59;32,68;32,099998;32,18;2996500;23,573147
2012-01-03;32,869999;33,099998;32,52;32,68;7095600;23,939415
2012-01-04;32,810001;32,950001;32,290001;32,650002;10528100;23,917439
2012-01-05;32,66;33,98;32,389999;33,919998;14087400;24,847759
2012-01-06;33,93;34,799999;33,630001;34,560001;10806000;25,316597
2012-01-09;34,290001;34,66;34,150002;34,459999;6362000;25,243334
2012-01-10;34,799999;34,869999;34,290001;34,869999;7211800;25,543676
2012-01-11;34,799999;35,07;34,700001;34,84;4228000;25,521706
2012-01-12;35;35,209999;34,66;35,040001;4286300;25,668209
2012-01-13;34,77;35,209999;34,310001;34,419998;7045000;25,214031
2012-01-17;34,700001;34,950001;34,34;34,68;5708100;25,404493
2012-01-18;34,689999;35,450001;34,369999;35,369999;5927500;25,909941
2012-01-19;35,299999;35,919998;35,299999;35,82;5572100;26,239584
2012-01-20;35,75;35,75;35,34;35,380001;4347400;25,917267
2012-01-23;35,43;35,779999;34,799999;35,09;4389700;25,704836
2012-01-24;34,860001;35,32;34,450001;35,279999;5952900;25,844011
2012-01-25;35,110001;35,189999;33,82;34,189999;10514800;25,045544
2012-01-26;34,349998;34,41;32,84;33,27;13138400;24,371616
2012-01-27;33,16;33,950001;33,139999;33,82;6452700;24,774511
2012-01-30;33,580002;34,330002;33,310001;34,32;6112500;25,140781
2012-01-31;34,310001;34,330002;33,18;33,689999;6592800;24,679277
2012-02-01;33,939999;34,16;33,380001;33,990002;7657600;24,89904
2012-02-02;34,619999;35,450001;34,279999;35,23;11135400;25,80739
2012-02-03;35,619999;36,369999;35,599998;36,119999;7413300;26,459347
2012-02-06;35,919998;36,16;35,610001;35,720001;5084700;26,166336
2012-02-07;35,66;36;35,52;35,869999;4559200;26,276215
2012-02-08;35,93;36,279999;35,529999;35,860001;5143000;26,268896
2012-02-09;35,970001;36,23;35,509998;36,209999;5102000;26,525282
2012-02-10;35,82;35,889999;35,380001;35,68;3386800;26,137033
2012-02-13;35,919998;36,07;35,400002;35,799999;3028700;26,224934
2012-02-14;35,619999;35,880001;35,25;35,560001;4940900;26,049129
2012-02-15;35,610001;35,68;34,669998;34,970001;5655200;25,616934
2012-02-16;35;35,529999;34,77;35,299999;4448800;25,858671
2012-02-17;35,650002;36,310001;35,529999;36,25;6069200;26,554581
2012-02-21;37,619999;38,220001;36,389999;36,689999;12838100;26,876902
2012-02-22;36,68;37,900002;36,68;37,68;8055000;27,60211
2012-02-23;37,150002;37,5;36,759998;36,990002;8699800;27,096666
2012-02-24;37,150002;37,34;36,869999;37,060001;4335800;27,147942
2012-02-27;36,709999;37,470001;36,57;37,369999;4850300;27,375027
2012-02-28;37,310001;37,900002;37,169998;37,84;5715000;27,719318
2012-02-29;37,720001;38,34;37,560001;37,970001;7547600;27,81455
2012-03-01;38,27;38,880001;37,110001;38,849998;12925300;28,459187
2012-03-02;38,84;38,889999;38,130001;38,310001;5162100;28,06361
2012-03-05;38,18;38,68;37,860001;38,240002;5609500;28,012339
2012-03-06;38;38,240002;37,119999;37,279999;7925000;27,309101
2012-03-07;37,509998;38,57;37,419998;38,470001;5198000;28,180817
2012-03-08;38,630001;39,360001;38,32;39,299999;5947000;28,788832
2012-03-09;39,290001;39,830002;39,290001;39,669998;5220900;29,059866
2012-03-12;39,799999;39,950001;39,529999;39,580002;4489400;28,993948
2012-03-13;39,700001;39,790001;39,049999;39,57;5397900;29,133829
2012-03-14;39,580002;39,93;39,369999;39,91;4181500;29,384163
2012-03-15;39,869999;39,889999;39,290001;39,77;3217600;29,281078
2012-03-16;39,860001;39,959999;39,25;39,73;6189000;29,251627
2012-03-19;39,57;39,700001;39,150002;39,619999;4070400;29,170639
2012-03-20;39,240002;39,869999;39,080002;39,700001;4635800;29,229542
2012-03-21;39,68;40,68;39,669998;40,470001;8172400;29,796465
2012-03-22;40,080002;40,549999;39,720001;40,060001;6181800;29,494604
2012-03-23;40;40,040001;39,189999;39,84;4681900;29,332623
2012-03-26;40;40,610001;39,799999;40,439999;4120500;29,774378
2012-03-27;40,389999;40,740002;40,34;40,419998;4255600;29,759651
2012-03-28;40,419998;40,57;39,630001;40,040001;5095300;29,479883
2012-03-29;39,950001;40,330002;39,630001;39,93;4736300;29,398882
2012-03-30;40,240002;40,240002;39,709999;39,73;3839600;29,251627
2012-04-02;39,669998;40,389999;39,57;40,240002;4911200;29,627129
2012-04-03;40,360001;41,259998;40,299999;40,889999;5996700;30,105696
2012-04-04;40,540001;41,049999;40,060001;40,900002;5997100;30,11305
2012-04-05;40,57;41,27;40,349998;40,869999;6286400;30,090969
2012-04-09;40;40,240002;39,75;39,98;3893900;29,435694
2012-04-10;39,990002;40,189999;38,5;38,560001;5251900;28,390203
2012-04-11;38,93;39,740002;38,900002;39,389999;5062800;29,001303
2012-04-12;39,389999;40,349998;39,380001;40,330002;3742800;29,693377
2012-04-13;40,209999;40,490002;39,919998;39,98;4197000;29,435694
2012-04-16;40,169998;40,470001;39,549999;40,009998;3606200;29,457779
2012-04-17;40,34;40,650002;39,84;40,18;7448600;29,582943
2012-04-18;39,950001;40,32;39,599998;40,130001;4534200;29,546143
2012-04-19;40,130001;40,299999;39,34;39,650002;4962800;29,192736
2012-04-20;39,799999;39,91;39,09;39,099998;6169400;28,787788
2012-04-23;38,810001;38,900002;38,259998;38,759998;5111100;28,537457
2012-04-24;38,799999;39,139999;38,470001;38,82;3988300;28,581638
2012-04-25;39,07;40,049999;39,009998;39,939999;4626700;29,406246
2012-04-26;39,93;40,990002;39,93;40,650002;3895500;29,928999
2012-04-27;40,790001;41,5;40,669998;41,18;5343400;30,319204
2012-04-30;41,02;41,220001;40,490002;41,02;4103100;30,201403
2012-05-01;41,139999;41,740002;40,689999;41,439999;4672300;30,510637
2012-05-02;41,330002;42,169998;41,200001;41,27;8773200;30,385475
2012-05-03;40,599998;41,59;40,299999;41,549999;9276400;30,591633
2012-05-04;41,360001;41,5;40,779999;41,110001;4862800;30,26767
2012-05-07;40,799999;41,189999;40,23;40,290001;5952400;29,663942
2012-05-08;40,130001;40,150002;38,34;39,509998;10794900;29,089657
2012-05-09;37,509998;38,709999;37,02;38,049999;16474200;28,014709
2012-05-10;38,349998;38,5;37,43;37,830002;7610100;27,852736
2012-05-11;37,630001;38,389999;37,549999;37,98;5355100;27,963175
2012-05-14;37,5;37,689999;36,610001;36,68;5753800;27,006037
2012-05-15;36,68;37,700001;36,560001;37,009998;7306900;27,249001
2012-05-16;37,16;37,470001;36,869999;37,290001;5557700;27,455156
2012-05-17;37,380001;37,869999;35,43;35,43;7832200;26,085712
2012-05-18;35,470001;35,91;35,009998;35,240002;9272500;25,945816
2012-05-21;35,360001;36,349998;35,189999;36,279999;8251700;26,711533
2012-05-22;36,389999;36,740002;36,139999;36,470001;4175100;26,851431
2012-05-23;36,290001;37,099998;35,779999;37,049999;5156900;27,278458
2012-05-24;37,290001;38,060001;37,169998;38,02;6752700;27,99263
2012-05-25;37,869999;38,200001;37,57;37,759998;3888100;27,801195
2012-05-29;38,130001;39,049999;38,099998;38,990002;6437300;28,706797
2012-05-30;38,130001;38,639999;37,759998;38,299999;7895400;28,198782
2012-05-31;38,459999;38,580002;37,709999;38,049999;6967100;28,014709
2012-06-01;37,169998;37,52;36,669998;36,849998;6466600;27,131199
2012-06-04;36,959999;36,959999;35,880001;36,419998;5640600;26,814613
2012-06-05;36,34;36,669998;35,939999;36,580002;3655300;26,932413
2012-06-06;36,93;37,380001;36,91;37,380001;4653500;27,521421
2012-06-07;37,84;37,970001;36,34;36,490002;7465200;26,866144
2012-06-08;36,380001;37,560001;36,380001;37,209999;4863900;27,396252
2012-06-11;37,639999;37,75;36,34;36,360001;4283700;26,770435
2012-06-12;36,580002;37,049999;36,439999;36,919998;4426900;27,182743
2012-06-13;36,650002;36,669998;34,830002;35,060001;12846600;25,953888
2012-06-14;35,380001;36,25;35,23;35,82;7273100;26,516495
2012-06-15;36,16;36,189999;35,73;36,060001;4801500;26,694162
2012-06-18;35,939999;36,689999;35,540001;36,610001;4970500;27,101309
2012-06-19;36,75;37,209999;36,259998;37,169998;5046400;27,515867
2012-06-20;37,27;37,32;36,369999;36,990002;3979600;27,382608
2012-06-21;37,049999;37,060001;34,82;34,919998;9028000;25,850245
2012-06-22;35,110001;35,139999;33,759998;33,779999;12705500;25,006338
2012-06-25;33,34;33,939999;33,16;33,82;5996000;25,035957
2012-06-26;33,950001;34,389999;33,529999;34,200001;6282900;25,317251
2012-06-27;33,5;33,73;32,799999;33,139999;10083600;24,53257
2012-06-28;32,98;33,720001;32,700001;33,450001;7993700;24,762056
2012-06-29;34,34;34,650002;33,75;34,349998;6747200;25,428297
2012-07-02;34,450001;34,540001;33,84;33,889999;4802500;25,087772
2012-07-03;33,669998;33,849998;33,110001;33,360001;5014400;24,695429
2012-07-05;33,380001;34,919998;33,330002;34,27;10410600;25,369081
2012-07-06;33,810001;34,220001;33,59;34,029999;4699700;25,19141
2012-07-09;34,02;34,43;34,009998;34,200001;4285500;25,317251
2012-07-10;34,34;35,029999;34,310001;34,59;7777000;25,605963
2012-07-11;34,52;34,610001;33;33,150002;9386500;24,539974
2012-07-12;32,900002;33,07;32,310001;32,830002;6256700;24,303085
2012-07-13;32,950001;33,830002;32,93;33,639999;3880300;24,902706
2012-07-16;33,52;33,93;32,98;33,919998;5098400;25,10998
2012-07-17;34,009998;34,400002;33,880001;34,189999;9204600;25,309853
2012-07-18;33,990002;34,98;33,790001;34,810001;7144100;25,768824
2012-07-19;34,919998;35,490002;34,689999;35,490002;5479000;26,272205
2012-07-20;35,299999;35,900002;34,919998;35,599998;7376900;26,353636
2012-07-23;34,880001;35,209999;34,52;35,029999;4876100;25,931673
2012-07-24;35,080002;35,23;34,060001;34,43;9391400;25,487526
2012-07-25;34,549999;35,07;34,439999;34,540001;4928700;25,568949
2012-07-26;35,130001;35,720001;34,91;35,580002;5262800;26,338835
2012-07-27;35,950001;36,73;35,82;36,540001;5749000;27,049482
2012-07-30;36,490002;36,98;36,209999;36,66;4963200;27,138329
2012-07-31;36,490002;36,919998;35,32;35,84;9570100;26,531301
2012-08-01;35,98;36,139999;34,889999;35,060001;6692700;25,953888
2012-08-02;36,16;36,849998;35,82;36,400002;7818400;26,945848
2012-08-03;37,110001;37,77;36,939999;37,259998;5857200;27,582483
2012-08-06;37,41;37,48;36,759998;36,84;6380500;27,271568
2012-08-07;37,27;37,639999;36,73;37;8056800;27,390011
2012-08-08;38,16;38,540001;37,48;38,009998;9675300;28,137686
2012-08-09;37,84;38,389999;37,810001;38,119999;5175200;28,219118
2012-08-10;37,799999;38,290001;37,639999;38;3743500;28,130281
2012-08-13;37,77;37,970001;37,419998;37,869999;3708100;28,034044
2012-08-14;38,16;38,84;38,150002;38,240002;7192300;28,307955
2012-08-15;38,18;38,66;38,16;38,540001;3304400;28,530039
2012-08-16;38,439999;38,98;38,369999;38,740002;4351100;28,678089
2012-08-17;38,560001;39,02;38,549999;38,950001;3604600;28,833542
2012-08-20;38,799999;38,889999;38,57;38,84;2560000;28,75211
2012-08-21;38,950001;39,580002;38,849998;39,279999;5381500;29,077831
2012-08-22;39,139999;39,5;39,009998;39,330002;4545700;29,114849
2012-08-23;39,130001;39,34;38,709999;38,919998;3660900;28,811344
2012-08-24;38,740002;39,880001;38,66;39,75;4811700;29,425755
2012-08-27;39,75;39,93;39,259998;39,630001;3029700;29,336931
2012-08-28;39,650002;40,52;39,529999;40,419998;5495900;29,92173
2012-08-29;40,299999;40,650002;40,220001;40,470001;4849200;29,958761
2012-08-30;40,75;40,799999;40,080002;40,299999;5463600;29,832909
2012-08-31;40,639999;40,73;39,91;40,310001;3455400;29,840307
2012-09-04;40,23;40,650002;39,889999;40,220001;4112700;29,773697
2012-09-05;40,369999;40,389999;39,689999;39,869999;3605900;29,514589
2012-09-06;40,07;40,5;40,07;40,349998;5699200;29,869917
2012-09-07;40,43;40,700001;40,16;40,459999;5257100;29,951349
2012-09-10;40,27;40,48;39,990002;39,990002;4147500;29,60342
2012-09-11;39,93;40,119999;39,240002;39,27;5183900;29,070431
2012-09-12;39,279999;39,73;38,82;39,220001;6621500;29,182043
2012-09-13;39,18;39,779999;38,709999;39,279999;6424800;29,226685
2012-09-14;39,290001;39,91;39,029999;39,240002;5042900;29,196918
2012-09-17;39,189999;39,25;38,369999;38,549999;3977100;28,683521
2012-09-18;38,5;38,549999;37,93;38,5;5412400;28,64632
2012-09-19;38,560001;39,279999;38,380001;39,040001;6998900;29,0481
2012-09-20;38,720001;38,98;38,540001;38,650002;4610200;28,757923
2012-09-21;38,759998;39,099998;38,330002;38,389999;5699800;28,564461
2012-09-24;38,189999;38,240002;37,650002;37,810001;5612800;28,132902
2012-09-25;38;38,529999;37,75;37,75;5738300;28,088268
2012-09-26;37,799999;38,049999;37,25;37,75;5106200;28,088268
2012-09-27;37,900002;38,110001;37,450001;37,509998;5701400;27,909687
2012-09-28;37,290001;37,740002;36,939999;37,619999;5466700;27,991533
2012-10-01;37,709999;38,970001;37,709999;38,580002;6462300;28,705833
2012-10-02;38,869999;39,23;38,290001;38,68;6720300;28,780249
2012-10-03;38,720001;39,509998;38,700001;39,490002;5524400;29,38294
2012-10-04;39,549999;40,529999;39,400002;39,669998;5962500;29,516857
2012-10-05;39,919998;39,990002;39,48;39,610001;3398100;29,472218
2012-10-08;39,369999;39,700001;39,130001;39,310001;2524500;29,249012
2012-10-09;39,380001;40;39,279999;39,630001;5176200;29,487099
2012-10-10;39,59;39,709999;38,990002;39;3499400;29,018347
2012-10-11;39,529999;39,939999;39,029999;39,23;3669800;29,189478
2012-10-12;39,139999;39,509998;39,080002;39,41;3589500;29,323408
2012-10-15;39,540001;39,990002;39,369999;39,91;3686300;29,695454
2012-10-16;39,990002;40,5;39,919998;40,470001;3545300;30,112112
2012-10-17;40,540001;41,240002;40,34;40,84;5364300;30,387411
2012-10-18;40,82;41,049999;40,240002;40,459999;4509000;30,104677
2012-10-19;40,41;40,560001;39,740002;39,990002;3122100;29,754965
2012-10-22;39,84;39,990002;39,419998;39,990002;3151200;29,754965
2012-10-23;39,560001;39,68;38,959999;39,459999;3887700;29,360609
2012-10-24;39,560001;39,650002;38,830002;38,880001;4046300;28,929064
2012-10-25;39,139999;39,32;38,07;38,68;4619000;28,780249
2012-10-26;38,860001;38,860001;38,189999;38,48;3965800;28,631432
2012-10-31;38,93;39,25;37,759998;38,07;6014600;28,326366
2012-11-01;39,259998;40,599998;39;40,52;6356500;30,149315
2012-11-02;40,669998;41;40,490002;40,610001;5126000;30,216286
2012-11-05;40,540001;41,27;40,290001;41,16;5265900;30,625513
2012-11-06;41,25;41,439999;40,759998;41,380001;4673600;30,789209
2012-11-07;40,919998;41,98;40,450001;40,450001;7878000;30,097233
2012-11-08;40,360001;40,669998;39,009998;39,009998;5792600;29,025787
2012-11-09;38,810001;39,16;38,57;38,93;5762400;28,966255
2012-11-12;39;39,07;38,599998;38,700001;2730600;28,795126
2012-11-13;38,57;39,77;38,299999;39,080002;6968900;29,077868
2012-11-14;39,209999;39,630001;38,790001;38,900002;5134500;28,943939
2012-11-15;39;39,810001;38,75;39,34;4726700;29,271322
2012-11-16;39,41;40,310001;39,099998;40,18;6764500;29,896339
2012-11-19;40,41;40,93;40,32;40,93;4484100;30,454376
2012-11-20;40,900002;41,139999;40,310001;40,77;5336500;30,335337
2012-11-21;40,849998;41,23;40,700001;41,009998;3391600;30,513903
2012-11-23;41,490002;41,759998;41,200001;41,73;3132900;31,049631
2012-11-26;41;41,09;39,650002;39,860001;7968100;29,658232
2012-11-27;39,490002;40,150002;39,34;39,630001;7452600;29,487099
2012-11-28;39,540001;40,419998;39,470001;40,360001;5606900;30,030273
2012-11-29;39,240002;39,830002;38,259998;38,619999;13763000;28,735598
2012-11-30;38,68;38,900002;38,02;38,700001;10663700;28,795126
2012-12-03;38,93;38,93;38,09;38,099998;6328400;28,348694
2012-12-04;38,049999;38,360001;37,93;38,27;4799900;28,475176
2012-12-05;38,209999;39,16;38,110001;38,869999;8368500;28,921612
2012-12-06;38,869999;39,16;38,610001;38,919998;5892300;28,958824
2012-12-07;39,169998;39,48;38,880001;39,41;4526900;29,323408
2012-12-10;39,32;39,720001;39,080002;39,349998;4897100;29,278765
2012-12-11;39,540001;39,619999;38,68;38,860001;4885300;28,914177
2012-12-12;38,93;39,23;38,290001;38,860001;4596900;29,063755
2012-12-13;38,759998;39,049999;38,049999;38,220001;4710500;28,5851
2012-12-14;38,200001;38,630001;38,029999;38,07;4590400;28,472916
2012-12-17;38,27;38,73;37,759998;38,709999;4959400;28,951572
2012-12-18;38,75;39,290001;38,439999;39,110001;3217900;29,250738
2012-12-19;39,029999;39,540001;38,75;38,77;4557000;28,996445
2012-12-20;37,299999;38,299999;37,150002;37,91;6726700;28,353249
2012-12-21;37,59;37,849998;37,32;37,509998;6604600;28,054073
2012-12-24;37,41;37,790001;37,279999;37,52;1567000;28,061554
2012-12-26;37,459999;37,650002;36,299999;37,130001;5664300;27,769871
2012-12-27;36,93;37,360001;36,380001;37,080002;4988300;27,732485
2012-12-28;36,880001;38,040001;36,66;37,360001;6389100;27,941895
2012-12-31;37,200001;39,119999;37,169998;39,02;7895600;29,183424
2013-01-02;39,549999;39,549999;38,049999;38,310001;8234800;28,652409
2013-01-03;38,189999;38,849998;37,290001;37,470001;12902900;28,02417
2013-01-04;37,529999;38,330002;37,5;37,939999;8317900;28,375683
2013-01-07;37,93;38,07;37,360001;37,650002;4605600;28,158791
2013-01-08;37,610001;37,849998;37,049999;37,049999;5173700;27,710033
2013-01-09;36,68;37,220001;36,610001;36,689999;6006100;27,44079
2013-01-10;36,82;37,259998;36,349998;37,25;5433400;27,859613
2013-01-11;37,380001;37,380001;36,75;36,889999;5890400;27,59038
2013-01-14;36,869999;37,189999;36,75;37,080002;3067500;27,732485
2013-01-15;36,950001;38,040001;36,889999;37,91;5792100;28,353249
2013-01-16;37,720001;38,66;37,669998;38,43;5061100;28,742157
2013-01-17;38,610001;38,880001;38,049999;38,07;4462300;28,472916
2013-01-18;38,169998;38,419998;37,740002;38,419998;3245500;28,734673
2013-01-22;38,360001;38,380001;37,799999;38,18;4132300;28,55518
2013-01-23;38,150002;38,5;38,009998;38,23;4760100;28,592575
2013-01-24;38,310001;39,060001;38,310001;39;5291300;29,168468
2013-01-25;39,130001;39,380001;38,619999;38,740002;5191900;28,974014
2013-01-28;39,130001;39,549999;38,68;39,389999;4873500;29,460154
2013-01-29;39,23;40;39;39,950001;4039300;29,878979
2013-01-30;39,950001;39,950001;39,419998;39,540001;5347200;29,572332
2013-01-31;39,68;39,68;39,060001;39,509998;4715700;29,549898
2013-02-01;39,959999;39,959999;39,400002;39,509998;4276800;29,549898
2013-02-04;39,240002;39,41;38,630001;38,720001;3550200;28,959047
2013-02-05;39,450001;40,27;39,150002;39,849998;7064300;29,804186
2013-02-06;39,669998;39,91;39,02;39,48;7777200;29,52746
2013-02-07;40,509998;41,150002;39,580002;40,27;7051100;30,118313
2013-02-08;40,389999;40,389999;39,669998;39,919998;4122000;29,856537
2013-02-11;39,630001;40,369999;39,48;40,240002;3761100;30,095865
2013-02-12;40,369999;40,419998;40,02;40,110001;2498200;29,998642
2013-02-13;40,290001;40,490002;39,799999;39,959999;2696400;29,886456
2013-02-14;39,73;39,830002;39,349998;39,540001;3923900;29,572332
2013-02-15;39,529999;39,790001;38,73;39,119999;8496500;29,258213
2013-02-19;39,349998;40,470001;39,029999;40,43;5812900;30,237976
2013-02-20;40,330002;40,41;39,450001;39,509998;4458100;29,549898
2013-02-21;39,529999;39,759998;39,110001;39,330002;3747400;29,415277
2013-02-22;39,32;39,669998;38,880001;39,080002;3568600;29,228298
2013-02-25;39,169998;39,34;38,52;38,52;5917200;28,809469
2013-02-26;40,150002;40,299999;38,830002;39,59;10560400;29,609732
2013-02-27;39,75;40,900002;39,619999;40,580002;6174700;30,350164
2013-02-28;40,48;41,57;40,27;41,099998;6182800;30,739073
2013-03-01;40,740002;41,049999;40,360001;40,68;6094200;30,424944
2013-03-04;40,709999;41,82;40,709999;41,540001;5733600;31,068157
2013-03-05;41,740002;42,18;41,630001;41,720001;5802400;31,202787
2013-03-06;41,360001;41,669998;41,060001;41,080002;6828200;30,724119
2013-03-07;41,119999;41,540001;40,959999;41,23;4119000;30,836306
2013-03-08;41,360001;41,75;41,119999;41,669998;2882300;31,165377
2013-03-11;41,43;41,93;41,310001;41,709999;3091600;31,195301
2013-03-12;41,5;42,220001;41,5;41,970001;4044200;31,389759
2013-03-13;41,959999;42,470001;41,810001;42,110001;6586600;31,645256
2013-03-14;42,279999;42,349998;41,720001;42,150002;4632600;31,675329
2013-03-15;41,889999;42,099998;41,380001;41,779999;6106500;31,397268
2013-03-18;41,27;41,77;41,259998;41,580002;3276000;31,246965
2013-03-19;41,560001;41,709999;40,889999;41,669998;5775300;31,314598
2013-03-20;41,700001;42,779999;41,700001;42,549999;6413500;31,975927
2013-03-21;42,220001;42,889999;42,09;42,169998;5903100;31,69035
2013-03-22;42,34;42,740002;42,32;42,66;3956500;32,058582
2013-03-25;42,400002;42,740002;42,169998;42,360001;4182000;31,833132
2013-03-26;42,400002;42,450001;41,439999;41,990002;4980000;31,555088
2013-03-27;41,779999;42,029999;41,529999;41,73;3144300;31,359703
2013-03-28;41,68;41,939999;41,330002;41,84;5142500;31,44236
2013-04-01;41,779999;42,200001;41,509998;41,630001;2696700;31,284552
2013-04-02;41,889999;42,169998;41,77;42,029999;2722000;31,58515
2013-04-03;42,029999;42,619999;41,740002;42,389999;5805900;31,855684
2013-04-04;42,380001;43,880001;42,32;43,560001;6727700;32,734921
2013-04-05;42,919998;43,540001;42,830002;43,389999;5080600;32,607182
2013-04-08;43,349998;44,240002;43,330002;43,990002;5087900;33,058064
2013-04-09;43,880001;44,110001;43,490002;43,669998;3450800;32,817585
2013-04-10;43,939999;44,950001;43,849998;44,360001;4472500;33,336113
2013-04-11;44,189999;45,259998;44,189999;44,310001;5699200;33,298553
2013-04-12;44,200001;45,389999;44,189999;44,43;6256800;33,388721
2013-04-15;44,099998;44,41;43,349998;43,419998;3492400;32,629715
2013-04-16;43,91;44,02;43,639999;43,93;2932000;33,012978
2013-04-17;43,599998;43,709999;43,150002;43,610001;4381500;32,772503
2013-04-18;43,59;43,59;42,849998;42,939999;3046600;32,268997
2013-04-19;43,139999;43,709999;43,040001;43,540001;2642000;32,719891
2013-04-22;43,59;43,82;43,110001;43,540001;2376600;32,719891
2013-04-23;43,650002;44,18;43,470001;43,950001;3282900;33,028
2013-04-24;44,049999;44,419998;43,66;43,889999;2540000;32,982922
2013-04-25;44,029999;45,18;43,990002;44,779999;3948600;33,651745
2013-04-26;44,709999;44,919998;44,400002;44,630001;2584600;33,539028
2013-04-29;44,779999;45,400002;44,759998;45,07;2574700;33,869667
2013-04-30;44,919998;45,09;44,27;44,599998;3649300;33,516468
2013-05-01;44,540001;44,959999;44,330002;44,700001;2781700;33,591629
2013-05-02;44,650002;44,959999;44,490002;44,779999;2517700;33,651745
2013-05-03;45,25;46,450001;45,18;46,23;4073100;34,741409
2013-05-06;46,009998;46,279999;45,799999;46;2573800;34,568558
2013-05-07;46,07;46,740002;45,779999;46,5;3191700;34,944305
2013-05-08;46,540001;47,119999;46,259998;46,639999;3440600;35,049519
2013-05-09;46,59;46,810001;46,259998;46,450001;2676800;34,906731
2013-05-10;46,619999;47,23;46,580002;47,23;2999300;35,492893
2013-05-13;47,02;47,119999;46,540001;46,880001;2687700;35,229874
2013-05-14;47;47,669998;46,919998;47,389999;4491000;35,613129
2013-05-15;48,25;48,93;47,299999;48,57;9460700;36,499886
2013-05-16;48,41;48,669998;47,59;47,880001;4558200;35,981369
2013-05-17;48,029999;48,669998;47,549999;48,669998;5834100;36,575035
2013-05-20;48,380001;49,09;48,259998;48,849998;4030800;36,710312
2013-05-21;48,810001;49,610001;48,810001;49,43;4511200;37,146179
2013-05-22;49,43;49,93;48,720001;49;4382100;36,823025
2013-05-23;48,599998;49,279999;48,459999;48,98;3017000;36,80801
2013-05-24;48,59;49,34;48,360001;49,209999;2732600;36,980843
2013-05-28;49,720001;50;49,07;49,419998;2592900;37,138649
2013-05-29;49,060001;49,150002;48,380001;48,849998;2622100;36,710312
2013-05-30;48,91;49,700001;48,849998;49,189999;3751100;36,965809
2013-05-31;48,73;49,32;48,34;48,34;3329700;36,327049
2013-06-03;48,59;48,810001;47,950001;48,75;4051500;36,635162
2013-06-04;48,619999;48,77;47,849998;48,389999;4006800;36,364628
2013-06-05;48,150002;48,380001;47,279999;47,360001;3730000;35,590584
2013-06-06;47,509998;48,389999;47,400002;48,389999;3690900;36,364628
2013-06-07;48,630001;49,009998;48,48;48,610001;2961500;36,529953
2013-06-10;48,799999;49,18;48,66;48,93;3482300;36,770428
2013-06-11;48,459999;49,150002;48,27;48,560001;2939700;36,492378
2013-06-12;48,68;48,93;47,970001;48,060001;3097000;36,303532
2013-06-13;48,169998;48,919998;47,919998;48,759998;3378500;36,832283
2013-06-14;48,509998;49,259998;48,349998;48,48;2194600;36,620785
2013-06-17;48,91;49,419998;48,52;48,810001;2853600;36,870075
2013-06-18;48,700001;49,48;48,639999;49,32;2530100;37,255306
2013-06-19;49,369999;49,459999;48,27;48,330002;3360100;36,507484
2013-06-20;47,98;48,259998;46,669998;46,82;4195200;35,366867
2013-06-21;47,200001;47,389999;46,130001;46,860001;5252700;35,397076
2013-06-24;46,369999;46,529999;45,720001;46,139999;3015600;34,853203
2013-06-25;46,450001;46,830002;46,279999;46,580002;2247500;35,185566
2013-06-26;47;47,799999;46,959999;47,73;2913800;36,05426
2013-06-27;48,16;48,68;48,029999;48,150002;4038200;36,371517
2013-06-28;48,240002;48,5;47,93;48;5577500;36,258213
2013-07-01;48,25;48,900002;48,200001;48,259998;3648000;36,454601
2013-07-02;48,25;48,68;48,009998;48,400002;3605300;36,560368
2013-07-03;48,040001;48,549999;47,790001;48,48;1999200;36,620785
2013-07-05;49;49,240002;48,470001;49,18;2018800;37,149563
2013-07-08;49,360001;50,470001;49,34;50,27;3733900;37,972923
2013-07-09;50,5;50,77;50,25;50,369999;2917600;38,048454
2013-07-10;50,25;50,490002;48,959999;49,470001;4714900;37,368622
2013-07-11;50;50,040001;49,18;49,689999;3675400;37,534798
2013-07-12;49,689999;50,049999;49,240002;49,43;3545900;37,338406
2013-07-15;49,709999;50,5;49,59;50,220001;3858500;37,935154
2013-07-16;50,259998;50,5;49,52;49,75;5493100;37,58012
2013-07-17;49,84;49,919998;49,470001;49,529999;1750600;37,413948
2013-07-18;49,59;49,619999;48,82;49,209999;3185000;37,172226
2013-07-19;49,25;49,25;48,23;49,029999;5931600;37,036259
2013-07-22;49,049999;49,540001;48,91;48,91;2952500;36,945602
2013-07-23;48,98;49,360001;48,599998;48,790001;2824500;36,854958
2013-07-24;48,860001;49,130001;48,150002;48,299999;4017500;36,484829
2013-07-25;48,209999;48,330002;47,650002;48;4021100;36,258213
2013-07-26;47,790001;48,220001;47,48;48,169998;2569100;36,38662
2013-07-29;48,080002;48,52;47,970001;48,27;1994000;36,462162
2013-07-30;48,529999;48,700001;47,900002;48,16;4140000;36,379074
2013-07-31;48,290001;48,959999;48,110001;48,34;4700600;36,515041
2013-08-01;48,919998;49,540001;48,630001;49,27;4130100;37,217541
2013-08-02;49,150002;49,490002;48,950001;49,459999;2143700;37,361061
2013-08-05;49,279999;49,720001;49,220001;49,669998;2100000;37,519691
2013-08-06;49,34;49,52;47,91;48,439999;4809200;36,590576
2013-08-07;48,130001;48,189999;47,450001;47,830002;4852900;36,129795
2013-08-08;48,040001;48,369999;47,32;48,23;6248300;36,431942
2013-08-09;48,18;48,599998;47,66;48,52;4733600;36,651016
2013-08-12;48,25;48,48;47,93;48,110001;4970100;36,341297
2013-08-13;48;48,650002;47,900002;48,5;6378800;36,635906
2013-08-14;46,689999;46,950001;46,060001;46,330002;17050100;34,996735
2013-08-15;45,849998;46,41;45,259998;46,299999;9928400;34,97406
2013-08-16;46,130001;46,130001;44,98;44,990002;7747600;33,984524
2013-08-19;45,07;45,369999;44,799999;44,950001;4554400;33,954304
2013-08-20;45,099998;45,75;44,990002;45,610001;8223400;34,45285
2013-08-21;45,41;45,639999;44,560001;44,93;6897000;33,939194
2013-08-22;45;45,369999;44,799999;44,950001;2912200;33,954304
2013-08-23;44,919998;45,080002;44,439999;44,790001;3713800;33,833439
2013-08-26;44,759998;44,900002;44,130001;44,16;5269500;33,357552
2013-08-27;43,799999;43,939999;43,380001;43,470001;5327400;32,836338
2013-08-28;43,52;44,580002;43,349998;44,32;7103200;33,478405
2013-08-29;44,209999;45,189999;44,110001;44,610001;5705600;33,697479
2013-08-30;44,68;44,860001;44,25;44,43;3341300;33,561508
2013-09-03;44,759998;45;44,09;44,279999;5274100;33,4482
2013-09-04;44,150002;45;44,119999;44,799999;4902800;33,840992
2013-09-05;44,830002;46,029999;44,799999;46,02;6994800;34,762558
2013-09-06;46,099998;46,18;44,950001;45,080002;6742300;34,052509
2013-09-09;45,18;45,650002;45,169998;45,400002;3120000;34,29422
2013-09-10;45,650002;45,689999;44,459999;44,580002;6147500;33,674812
2013-09-11;44,400002;44,459999;43,880001;44,139999;6781000;33,530479
2013-09-12;44,09;44,369999;43,48;43,529999;6442700;33,067104
2013-09-13;43,82;44,709999;43,5;44,700001;5980500;33,955883
2013-09-16;45,07;45,240002;44,830002;44,970001;3406700;34,160984
2013-09-17;44,990002;45,310001;44,98;45,049999;3020100;34,221756
2013-09-18;45,169998;45,779999;44,5;45,580002;4266000;34,624363
2013-09-19;45,66;45,98;45,34;45,450001;3435700;34,525612
2013-09-20;45,389999;45,57;44,580002;44,619999;5397800;33,895107
2013-09-23;44,619999;44,77;44,169998;44,689999;4426200;33,948288
2013-09-24;44,490002;44,619999;43,400002;43,580002;7738500;33,105076
2013-09-25;43,610001;43,740002;42,700001;42,799999;6915400;32,512569
2013-09-26;42,889999;43,349998;42,68;43,32;5070800;32,907581
2013-09-27;43,290001;43,799999;43,220001;43,52;5431800;33,059502
2013-09-30;43,080002;43,369999;42,919998;43,27;3835300;32,869602
2013-10-01;43,23;43,799999;43,200001;43,439999;4646000;32,998737
2013-10-02;43,18;43,98;43,02;43,970001;5559900;33,40134
2013-10-03;43,959999;44,48;43,580002;44,209999;5835300;33,583652
2013-10-04;44,279999;44,279999;43,73;44,07;4433000;33,477306
2013-10-07;43,619999;43,639999;42,990002;42,990002;4641600;32,656902
2013-10-08;43,119999;43,200001;42,389999;42,450001;5168600;32,246696
2013-10-09;42,57;42,75;42,18;42,360001;5073600;32,178322
2013-10-10;43,02;43,330002;42,860001;43,209999;3443200;32,824013
2013-10-11;43,02;43,040001;42,220001;42,639999;5182700;32,391022
2013-10-14;42,450001;42,720001;42,23;42,580002;4611900;32,345451
2013-10-15;42,68;43,07;42,27;42,48;5411900;32,269482
2013-10-16;42,66;43,869999;42,599998;43,790001;8338000;33,26461
2013-10-17;43,619999;44,560001;43,509998;44,459999;5699800;33,773556
2013-10-18;44,509998;44,650002;43,700001;44,389999;5299300;33,720394
2013-10-21;44,470001;44,549999;43,889999;44,240002;2858600;33,606445
2013-10-22;44,220001;44,709999;44,02;44,599998;4372400;33,879913
2013-10-23;44,549999;44,779999;44,080002;44,540001;2830900;33,834339
2013-10-24;44,57;45,200001;44,130001;45,099998;3894100;34,259735
2013-10-25;45,240002;45,240002;44,68;44,889999;3580300;34,100201
2013-10-28;44,400002;45,650002;44,169998;45,439999;5151100;34,518009
2013-10-29;45,650002;46,259998;45,650002;46,130001;5080100;35,042156
2013-10-30;46,200001;46,73;45,93;46,400002;3696100;35,247269
2013-10-31;46,5;46,59;45,880001;46,110001;3717300;35,026978
2013-11-01;46,18;46,299999;45,560001;45,959999;3165100;34,913017
2013-11-04;46,259998;46,860001;46,259998;46,490002;3297000;35,315636
2013-11-05;46,619999;46,919998;45,849998;46,139999;4399600;35,049755
2013-11-06;46,18;46,93;46;46,400002;3815500;35,247269
2013-11-07;46,43;46,73;45,849998;45,959999;4771700;34,913017
2013-11-08;45,900002;46,310001;45,59;46,18;5590700;35,080139
2013-11-11;46,18;47,310001;46,119999;47,07;6284000;35,756226
2013-11-12;47,040001;47,09;46,299999;46,330002;7969200;35,194099
2013-11-13;49,650002;50,950001;49,189999;50,68;21966700;38,498516
2013-11-14;50,689999;51,139999;50,060001;50,68;7274200;38,498516
2013-11-15;50,41;51,09;50,27;51,09;7081200;38,809975
2013-11-18;51;51,240002;50,25;50,470001;4476700;38,338993
2013-11-19;50,439999;50,689999;50,139999;50,41;4136400;38,293427
2013-11-20;50,84;51;50,470001;50,959999;5262600;38,711224
2013-11-21;50,889999;51,060001;50,540001;50,810001;4171600;38,597282
2013-11-22;50,959999;51,369999;50,630001;51,259998;4121600;38,93911
2013-11-25;51,540001;52,43;51,400002;52,279999;5529000;39,713943
2013-11-26;52,299999;53,139999;52,299999;52,939999;6408900;40,215305
2013-11-27;53,07;53,639999;52,91;53,540001;5095400;40,671082
2013-11-29;54,07;54,07;53,080002;53,259998;3532100;40,458401
2013-12-02;52,990002;53,459999;52,209999;52,439999;6345500;39,835484
2013-12-03;52,290001;52,880001;52,209999;52,810001;4483400;40,116558
2013-12-04;52,599998;52,779999;51,369999;52,040001;5641000;39,531631
2013-12-05;52,130001;52,150002;51,259998;51,540001;4089500;39,15181
2013-12-06;51,919998;52,200001;51,139999;51,830002;4606300;39,372105
2013-12-09;51,900002;52,580002;51,860001;52,189999;3852700;39,645584
2013-12-10;52,139999;52,23;51,459999;51,779999;3150300;39,334129
2013-12-11;51,790001;53,029999;51,700001;52,080002;5502600;39,753956
2013-12-12;52,150002;52,240002;51,52;51,650002;3293800;39,425728
2013-12-13;51,860001;52,419998;51,299999;51,41;4020800;39,242523
2013-12-16;51,560001;51,970001;51,459999;51,610001;2743900;39,395184
2013-12-17;51,810001;51,869999;51,290001;51,669998;3392700;39,440987
2013-12-18;51,669998;52,18;51;52,139999;3471100;39,799759
2013-12-19;52,060001;52,490002;51,849998;52,23;2954400;39,868446
2013-12-20;52,389999;52,720001;52,139999;52,27;5740800;39,898983
2013-12-23;52,43;53,240002;52,41;52,849998;2823200;40,341709
2013-12-24;52,639999;53;52,310001;52,709999;1789000;40,23484
2013-12-26;52,84;53,220001;52,75;52,830002;2280300;40,326447
2013-12-27;53,009998;53,139999;52,650002;52,700001;1421900;40,227211
2013-12-30;52,779999;53,860001;52,779999;53,669998;3054400;40,96764
2013-12-31;53,630001;53,73;53,040001;53,400002;2546700;40,761547
2014-01-02;53,169998;53,91;52,950001;53,389999;2969600;40,753902
2014-01-03;53,360001;54;53,32;53,540001;2492200;40,868408
2014-01-06;53,77;53,860001;53,040001;53,150002;2887900;40,570713
2014-01-07;53,540001;53,540001;51,68;52,18;6328700;39,830284
2014-01-08;51,790001;52;51,360001;51,84;6097900;39,570755
2014-01-09;55,150002;56,25;54,790001;55,799999;14734800;42,593521
2014-01-10;55,98;56,09;55,259998;55,84;6051000;42,624062
2014-01-13;56,110001;56,650002;55,25;55,259998;7292700;42,181328
2014-01-14;55,27;56,139999;55,220001;55,75;3828200;42,555355
2014-01-15;55,700001;55,919998;55,419998;55,799999;2514100;42,593521
2014-01-16;55,68;56,099998;55,27;56,029999;3546000;42,769081
2014-01-17;56,07;56,41;55,73;56,23;4103300;42,921745
2014-01-21;56,209999;56,470001;55,220001;55,560001;3807200;42,410324
2014-01-22;55,560001;55,830002;55,119999;55,380001;2999500;42,27293
2014-01-23;55,080002;55,220001;54,73;55,049999;3864200;42,021038
2014-01-24;54,700001;54,91;54,080002;54,419998;3422500;41,540138
2014-01-27;54,349998;54,790001;53,779999;54,18;4051400;41,356945
2014-01-28;54,52;55,139999;54,41;54,470001;2937900;41,5783
2014-01-29;54,119999;54,650002;53,310001;53,389999;4437200;40,753902
2014-01-30;54;54,34;53,619999;53,91;2582700;41,150833
2014-01-31;53,220001;53,790001;53,119999;53,200001;3597800;40,608875
2014-02-03;53,119999;53,189999;50,709999;50,91;7244300;38,860863
2014-02-04;51,189999;51,740002;50,75;50,970001;4429000;38,906666
2014-02-05;50,689999;51,650002;50,049999;51,349998;5773500;39,19672
2014-02-06;51,43;52,849998;51,43;52,540001;3908500;40,105091
2014-02-07;52,869999;53,709999;52,59;53,09;2925500;40,524918
2014-02-10;52,91;53,130001;52,34;52,91;2268900;40,387505
2014-02-11;53;53,68;52,709999;53,57;2301100;40,891304
2014-02-12;53,619999;53,849998;52,619999;52,82;2523400;40,318813
2014-02-13;52,560001;53,439999;52,540001;53,139999;2262500;40,563076
2014-02-14;53,080002;53,639999;52,82;53,400002;2160000;40,761547
2014-02-18;53,669998;53,75;52,900002;53,150002;2775400;40,570713
2014-02-19;53,189999;53,669998;53,060001;53,34;2886700;40,715748
2014-02-20;53,27;53,799999;53,209999;53,459999;3208100;40,807346
2014-02-21;53,560001;53,990002;53,509998;53,709999;3102700;40,998173
2014-02-24;53,869999;54,099998;53,029999;53,060001;5573500;40,502014
2014-02-25;53,630001;56,549999;53,330002;56,25;10908200;42,937012
2014-02-26;55,880001;58,66;55,720001;57,959999;8973500;44,242294
2014-02-27;57,509998;58,169998;57,32;57,860001;4064600;44,165966
2014-02-28;57,700001;58,130001;57,5;57,860001;3235000;44,165966
2014-03-03;57,189999;57,630001;56,700001;57,619999;3857900;43,982777
2014-03-04;58,200001;58,41;57,599998;57,650002;3464500;44,005669
2014-03-05;57,549999;57,84;57,110001;57,32;3566500;43,75378
2014-03-06;57,580002;57,700001;57,080002;57,299999;4017700;43,73851
2014-03-07;57,52;58,48;57,27;58,049999;3915000;44,311001
2014-03-10;57,700001;58,330002;57,549999;58,119999;4128600;44,364433
2014-03-11;59,139999;59,950001;58,849998;58,939999;5717400;44,990368
2014-03-12;58,580002;58,779999;57,73;58,759998;3697000;45,044025
2014-03-13;58,98;59,580002;58,060001;58,209999;3843400;44,622402
2014-03-14;58,200001;59;57,880001;58,580002;3542000;44,90604
2014-03-17;58,919998;59,189999;58,5;58,900002;2724700;45,151333
2014-03-18;58,84;59,380001;58,82;58,880001;2914600;45,136013
2014-03-19;58,869999;59,169998;58,189999;58,549999;3565800;44,883034
2014-03-20;58,439999;58,830002;58,189999;58,700001;1890500;44,998032
2014-03-21;59,09;59,560001;58,720001;58,970001;8054500;45,204998
2014-03-24;59,049999;59,25;57,849998;58,41;4304400;44,775719
2014-03-25;58,549999;58,630001;57,82;58,009998;3407500;44,469097
2014-03-26;58,259998;58,82;58,080002;58,09;2959000;44,530422
2014-03-27;58,139999;59,009998;57,900002;58,400002;2772300;44,768059
2014-03-28;58,349998;59;58,349998;58,919998;1849300;45,166672
2014-03-31;59,130001;59,75;58,84;59,290001;3558200;45,450306
2014-04-01;59,189999;60,189999;59,130001;59,509998;2802600;45,61895
2014-04-02;59,5;60,880001;59,5;60,639999;4943100;46,48518
2014-04-03;60,540001;60,799999;60,139999;60,599998;3093900;46,45451
2014-04-04;60,91;61,259998;59,68;59,740002;3773000;45,795269
2014-04-07;59,709999;59,75;58,02;58,259998;3048100;44,660728
2014-04-08;58,009998;58,82;57,43;58,380001;3805700;44,75272
2014-04-09;58,610001;58,93;58,060001;58,84;2451700;45,105347
2014-04-10;58,82;59,25;57,869999;58,07;3036600;44,515087
2014-04-11;56,91;57,790001;56,779999;56,900002;4063700;43,618187
2014-04-14;57,450001;57,77;56,470001;56,98;2937600;43,679516
2014-04-15;57,130001;57,880001;56,77;57,580002;2682700;44,139465
2014-04-16;58,07;58,740002;57,779999;58,66;2595700;44,967361
2014-04-17;58,43;58,580002;56,66;56,830002;6435700;43,564529
2014-04-21;56,939999;57,549999;56,720001;57,330002;2634200;43,947815
2014-04-22;57,470001;58,130001;57,110001;57,52;3338100;44,09346
2014-04-23;57,580002;58,240002;57,57;58,119999;2709300;44,553413
2014-04-24;58,310001;58,490002;58;58,049999;2071700;44,499744
2014-04-25;57,830002;57,860001;57,419998;57,57;2034800;44,131794
2014-04-28;57,939999;58,48;57,439999;58,02;2649900;44,476761
2014-04-29;58,009998;58,18;56,880001;58,099998;3574400;44,538082
2014-04-30;57,990002;58,110001;56,689999;57,43;4083600;44,024479
2014-05-01;57,689999;57,759998;56,799999;56,93;4058000;43,64119
2014-05-02;57,150002;57,900002;56,959999;57,189999;4402600;43,840492
2014-05-05;56,939999;57,099998;55,950001;56,669998;3314700;43,441879
2014-05-06;56,529999;56,529999;55,060001;55,099998;4625700;42,238342
2014-05-07;55,290001;55,529999;54,82;55,23;3835300;42,338009
2014-05-08;55,220001;56,790001;55,220001;55,970001;4220800;42,905277
2014-05-09;55,959999;56,459999;55,720001;56,349998;3143200;43,196564
2014-05-12;56,75;57,830002;56,630001;57,389999;5764200;43,993809
2014-05-13;57,48;57,939999;57,369999;57,84;5040400;44,338779
2014-05-14;58,509998;58,880001;57,369999;57,830002;11502800;44,331108
2014-05-15;57,540001;57,650002;56,040001;57,060001;7007200;43,740845
2014-05-16;57,57;58,16;57,200001;58,07;4998100;44,515087
2014-05-19;57,880001;58,279999;57,700001;58,099998;2654800;44,538082
2014-05-20;57,84;57,849998;56,34;56,509998;4317600;43,319214
2014-05-21;56,57;56,990002;56,290001;56,799999;2700200;43,541534
2014-05-22;56,860001;57,740002;56,720001;57,610001;2204700;44,16246
2014-05-23;57,700001;58,110001;57,400002;58,049999;1837800;44,499744
2014-05-27;58,209999;58,529999;57,73;58,41;2569200;44,775719
2014-05-28;58,360001;58,700001;57,830002;58,599998;3419100;44,921368
2014-05-29;58,759998;59,279999;58,470001;59,16;3148100;45,350647
2014-05-30;59,139999;59,93;59,139999;59,889999;3629000;45,910255
2014-06-02;60,09;60,34;59,610001;60,049999;2672400;46,032898
2014-06-03;59,950001;60,259998;59,73;59,84;2846300;45,871918
2014-06-04;59,68;60,299999;59,48;60,02;2140600;46,009914
2014-06-05;59,650002;59,650002;58,470001;59,209999;4237700;45,388988
2014-06-06;59,439999;59,900002;59,34;59,650002;2121300;45,726269
2014-06-09;59,599998;60,119999;59,049999;59,23;2066800;45,404316
2014-06-10;59,200001;59,389999;58,759998;58,880001;1941100;45,136013
2014-06-11;58,490002;58,509998;57,77;57,990002;2400000;44,690948
2014-06-12;57,959999;58,169998;57,029999;57,290001;2922700;44,151478
2014-06-13;57,310001;57,669998;57,080002;57,400002;2359600;44,236259
2014-06-16;57,490002;57,529999;57,049999;57,23;2412500;44,105247
2014-06-17;57,25;58,07;57,049999;57,970001;2364700;44,675533
2014-06-18;57,77;58,080002;57,439999;57,77;1850600;44,521404
2014-06-19;57,75;58,189999;57,73;58,09;2502200;44,768024
2014-06-20;58,299999;58,540001;58,09;58,16;3286000;44,821953
2014-06-23;58,040001;58,919998;57,900002;58,75;2661000;45,276653
2014-06-24;58,560001;59,240002;58,259998;58,470001;3354200;45,060867
2014-06-25;58,349998;58,919998;57,959999;58;2762800;44,69865
2014-06-26;58,040001;58,18;57,349998;58,07;2227300;44,752602
2014-06-27;57,970001;58,75;57,919998;58,669998;2177100;45,215
2014-06-30;58,77;58,77;57,82;58,02;2939300;44,714073
2014-07-01;58,200001;58,959999;58,16;58,66;2512200;45,207291
2014-07-02;58,790001;59,470001;58,700001;58,950001;3069200;45,43079
2014-07-03;58,93;60,25;58,93;59,880001;2319300;46,147507
2014-07-07;59,599998;59,73;58,98;59,48;2783600;45,839241
2014-07-08;59,360001;59,720001;58,689999;59,16;3765300;45,592632
2014-07-09;59,380001;59,889999;59,16;59,470001;2903100;45,831532
2014-07-10;58,669998;59,080002;58,459999;58,799999;3082800;45,315182
2014-07-11;58,619999;58,740002;57,939999;58,110001;2806300;44,783428
2014-07-14;58,5;58,669998;57,790001;57,830002;3009800;44,567642
2014-07-15;57,580002;57,790001;56,630001;56,700001;5992600;43,696793
2014-07-16;57,029999;57,209999;56,52;57,080002;3900700;43,989651
2014-07-17;56,68;57,220001;56,549999;56,639999;2583000;43,650547
2014-07-18;56,66;57,209999;56,369999;57,110001;2933400;44,012768
2014-07-21;57,009998;57,110001;56,580002;56,73;2313800;43,719906
2014-07-22;56,610001;57,150002;56,610001;56,98;2884400;43,912582
2014-07-23;56,939999;57,75;56,82;57,48;1899500;44,297905
2014-07-24;57,68;58,299999;57,5;57,919998;2615900;44,637005
2014-07-25;57,709999;57,919998;57,349998;57,459999;1986400;44,282497
2014-07-28;57,459999;57,830002;56,950001;57,580002;2379300;44,374977
2014-07-29;57,57;58,290001;57,389999;57,599998;2395100;44,390392
2014-07-30;57,790001;58,720001;57,700001;58,610001;3112100;45,168762
2014-07-31;58,27;58,59;57,759998;57,790001;2387200;44,536819
2014-08-01;57,650002;58,169998;57,34;57,889999;2588700;44,613892
2014-08-04;58,16;58,810001;57,880001;58,580002;3391300;45,145638
2014-08-05;58,080002;58,18;57,330002;57,639999;3502800;44,421215
2014-08-06;57,900002;59,330002;57,68;58,810001;5322700;45,322903
2014-08-07;59,380001;59,66;58,470001;58,77;3075000;45,292068
2014-08-08;58,470001;60,27;58,330002;60,209999;4139300;46,401821
2014-08-11;60,509998;61;59,790001;60,119999;4397800;46,33247
2014-08-12;59,990002;60,59;59,650002;59,759998;5390800;46,055027
2014-08-13;56,700001;57,759998;55,810001;56,470001;18444300;43,519535
2014-08-14;56,619999;57,880001;56,529999;57,84;8606800;44,575356
2014-08-15;57,93;57,93;56,900002;57,450001;4458600;44,274784
2014-08-18;57,919998;58,150002;57,540001;58,040001;2948500;44,729488
2014-08-19;58,369999;59,169998;58,290001;58,950001;3579400;45,43079
2014-08-20;58,84;60,57;58,75;60,09;5377800;46,309345
2014-08-21;60,060001;60,77;59,970001;60,700001;4027800;46,779457
2014-08-22;60,970001;62,09;60,889999;61,77;5830900;47,604073
2014-08-25;62;62,529999;61,529999;62,349998;4492600;48,051056
2014-08-26;62,259998;62,900002;62,02;62,59;3291400;48,236023
2014-08-27;62,900002;63,099998;61,689999;62,580002;5110800;48,22831
2014-08-28;62,060001;62,580002;61,84;62,360001;3100900;48,058758
2014-08-29;62,41;62,73;62,130001;62,290001;3326000;48,004822
2014-09-02;62,369999;62,720001;62;62,220001;5304200;47,950867
2014-09-03;61,790001;62,25;61,41;61,689999;4799900;47,542416
2014-09-04;61,849998;62,970001;61,82;62,43;5347800;48,11272
2014-09-05;61,91;61,93;61,150002;61,830002;5158100;47,650311
2014-09-08;61,860001;61,939999;60,299999;60,639999;4879200;46,733219
2014-09-09;60,709999;60,91;60,220001;60,43;3043700;46,571377
2014-09-10;60,119999;60,32;59,57;59,91;4010700;46,170635
2014-09-11;59,099998;60,119999;58,990002;59,82;6364400;46,342999
2014-09-12;59,91;60,060001;59,27;59,59;3811700;46,164825
2014-09-15;59,52;59,860001;58,93;59,57;3629500;46,149326
2014-09-16;59,639999;60,75;59,560001;60,240002;3924200;46,668381
2014-09-17;60,540001;60,919998;60,27;60,630001;3017900;46,970516
2014-09-18;60,68;61,049999;60,52;60,560001;3442300;46,91629
2014-09-19;60,970001;60,990002;59,869999;60,099998;8033200;46,559925
2014-09-22;59,720001;60,099998;58,810001;58,939999;4080300;45,661266
2014-09-23;58,82;59,25;58,5;58,639999;3246300;45,428848
2014-09-24;58,82;59,610001;58,619999;59,560001;3518100;46,141582
2014-09-25;59,459999;59,720001;58,689999;58,810001;3087500;45,560547
2014-09-26;59,130001;59,990002;58,720001;59,669998;3426000;46,226795
2014-09-29;59,040001;59,310001;58,82;58,919998;3139000;45,645771
2014-09-30;58,900002;59,080002;57,860001;58,18;4322400;45,072479
2014-10-01;58,34;58,66;57,650002;57,759998;4696500;44,747097
2014-10-02;57,93;58,619999;57,25;58,349998;3681400;45,204185
2014-10-03;58,91;59,919998;58,68;59,599998;4150600;46,172562
2014-10-06;59,73;59,799999;58,34;58,509998;3694500;45,328133
2014-10-07;57,599998;58,700001;57,169998;57,360001;6958300;44,437229
2014-10-08;57,650002;58,110001;56,189999;57,98;7631100;44,917542
2014-10-09;57,77;58,130001;56,389999;56,400002;5390500;43,693497
2014-10-10;56,48;57,34;55,91;56,68;4863100;43,910419
2014-10-13;56,580002;56,599998;54,84;54,990002;5520200;42,601162
2014-10-14;55,490002;57,34;55,369999;56,580002;5610300;43,832951
2014-10-15;55,599998;56,720001;54,84;56;9796200;43,383614
2014-10-16;55,080002;57,139999;54,970001;56,57;6097300;43,825199
2014-10-17;57,009998;57,380001;56,080002;56,209999;4528900;43,546307
2014-10-20;56,200001;57,220001;56,119999;57,07;3689100;44,212559
2014-10-21;57,68;58,689999;57,610001;58,380001;4011800;45,227425
2014-10-22;58,389999;58,98;57,549999;57,619999;3538400;44,638645
2014-10-23;58,23;59,09;57,959999;58,389999;4902200;45,235172
2014-10-24;58,580002;59,09;57,560001;58,98;6767400;45,692249
2014-10-27;58,889999;59;57,529999;58,490002;4577800;45,312641
2014-10-28;57,66;57,700001;56,849998;57,27;6225400;44,367508
2014-10-29;57,450001;58,130001;57,049999;57,450001;5129000;44,506947
2014-10-30;57,400002;58,240002;57;57,900002;3475700;44,855564
2014-10-31;58,799999;58,990002;57,68;57,82;5680500;44,793591
2014-11-03;57,959999;58;56,950001;57,25;5436800;44,352005
2014-11-04;56,549999;56,700001;55,639999;56,299999;10048600;43,616035
2014-11-05;57,389999;57,389999;56,450001;57,200001;5171100;44,313267
2014-11-06;57,580002;59,150002;57,330002;59,040001;5538600;45,738728
2014-11-07;59,040001;60,259998;58,580002;59,880001;6480200;46,389481
2014-11-10;59,849998;60,110001;59,16;59,259998;6047400;45,909161
2014-11-11;58,880001;59,400002;58,23;58,59;9995500;45,39011
2014-11-12;59,209999;61,799999;59;61,57;17134000;47,698738
2014-11-13;60,98;61,970001;60,68;61,57;7326000;47,698738
2014-11-14;61,349998;62,43;61,299999;62,049999;5356100;48,070595
2014-11-17;61,68;62,200001;61,5;61,610001;4124400;47,729729
2014-11-18;61;61,650002;60,959999;61,450001;5479300;47,605778
2014-11-19;61,73;62,299999;61,610001;61,970001;5060100;48,008621
2014-11-20;61,650002;63,439999;61,549999;62,849998;5734800;48,690357
2014-11-21;63,459999;63,950001;63;63,330002;4342300;49,062229
2014-11-24;63,540001;64,940002;63,330002;64,360001;5375200;49,860168
2014-11-25;64,57;65,150002;63,84;63,900002;4512400;49,503803
2014-11-26;63,889999;64,019997;63,25;63,529999;3575400;49,217163
2014-11-28;64,239998;65,739998;64,160004;64,910004;3651100;50,286266
2014-12-01;64,339996;64,379997;62,82;63,189999;5759400;48,953758
2014-12-02;63,490002;63,900002;63,18;63,25;3887200;49,000248
2014-12-03;63,32;63,75;62,75;63,66;2802000;49,317879
2014-12-04;63,400002;63,400002;62,009998;62,5;4674500;48,419224
2014-12-05;62,360001;62,889999;61,91;62,349998;3644400;48,303013
2014-12-08;62,150002;62,279999;61,200001;61,560001;3551200;47,690994
2014-12-09;60,580002;61,400002;60,220001;61,360001;4240600;47,536053
2014-12-10;61,419998;62;60,57;60,610001;3815800;46,955032
2014-12-11;61,02;62,380001;60,900002;61,220001;4451100;47,673389
2014-12-12;61,77;63,150002;61,5;62,360001;5824500;48,561142
2014-12-15;62,630001;63,540001;62,400002;63,130001;5447900;49,160755
2014-12-16;62,900002;63,380001;61,98;62,009998;4794700;48,288589
2014-12-17;62,400002;62,93;62,080002;62,759998;4673000;48,872623
2014-12-18;63,560001;64,099998;63,060001;64,07;3967100;49,892754
2014-12-19;62,900002;63,130001;62,099998;62,59;6502800;48,740238
2014-12-22;62,860001;63,509998;62,41;63,459999;3254900;49,417728
2014-12-23;63,939999;64,599998;63,830002;64,040001;3800000;49,869385
2014-12-24;64,199997;64,949997;64,150002;64,260002;2403100;50,04071
2014-12-26;64,360001;64,650002;63,77;64,050003;2530000;49,877182
2014-12-29;64,190002;65,75;64;65,220001;4080700;50,788288
2014-12-30;65,199997;65,809998;64,949997;65,269997;2938100;50,827209
2014-12-31;65,550003;66,589996;65,389999;65,75;3606800;51,201008
2015-01-02;66,330002;66,959999;64,940002;65,690002;4503800;51,154293
2015-01-05;64,730003;65,440002;64,669998;65,129997;5004600;50,718193
2015-01-06;65,410004;65,75;64,059998;64,889999;4282900;50,531311
2015-01-07;67,559998;67,830002;66,269997;67,550003;8131800;52,602707
2015-01-08;68,260002;68,300003;67,400002;67,809998;4995900;52,805176
2015-01-09;66,279999;66,599998;65,510002;65,919998;7366300;51,333389
2015-01-12;65,980003;66,199997;65,379997;66,040001;3023000;51,426838
2015-01-13;66,730003;67,230003;65,160004;65,580002;3612600;51,068623
2015-01-14;64,970001;65,139999;63,32;64,43;7026200;50,173088
2015-01-15;64,580002;65,209999;62,32;62,34;5234800;48,545551
2015-01-16;62,41;63,389999;62,23;63,139999;4284100;49,168537
2015-01-20;63,599998;63,75;62,349998;63,299999;3718700;49,293137
2015-01-21;63,419998;64,269997;63,400002;64,199997;3322300;49,993977
2015-01-22;64,580002;65,650002;64,260002;65,5;3336600;51,006325
2015-01-23;66,360001;66,519997;65,300003;65,830002;3691700;51,263306
2015-01-26;65,639999;66,18;65,220001;66,080002;2418500;51,457996
2015-01-27;65,300003;65,82;65,059998;65,510002;2771700;51,01413
2015-01-28;66,150002;66,400002;64,860001;64,889999;2264100;50,531311
2015-01-29;64,93;65,43;64,25;65,360001;2360300;50,897308
2015-01-30;64,949997;64,949997;63,82;63,880001;2965800;49,744801
2015-02-02;64;64,419998;62,459999;64,18;3155000;49,978405
2015-02-03;64,470001;66,089996;64,260002;66,07;3960900;51,450199
2015-02-04;64,949997;65,379997;64,400002;64,889999;5723200;50,531311
2015-02-05;64,040001;64,949997;63,700001;63,700001;4680800;49,604614
2015-02-06;63,970001;64,169998;63,400002;63,73;6499100;49,627991
2015-02-09;63,560001;63,869999;63,16;63,689999;3302900;49,596836
2015-02-10;64,160004;64,669998;63,779999;64,519997;3104500;50,243172
2015-02-11;64,650002;65,160004;64,529999;64,760002;2136800;50,430061
2015-02-12;64,860001;64,910004;64,129997;64,660004;2284700;50,352207
2015-02-13;64,400002;64,75;64,07;64,32;2897200;50,087429
2015-02-17;63,490002;63,639999;62,709999;63,639999;4618800;49,557896
2015-02-18;63,689999;63,990002;63,27;63,52;2547600;49,464447
2015-02-19;63,52;63,720001;62,970001;63;2958700;49,059517
2015-02-20;63,060001;63,82;62,509998;63,700001;4340300;49,604614
2015-02-23;64,059998;64,269997;63,43;64,160004;4529700;49,962837
2015-02-24;64,230003;64,449997;61,099998;62,099998;12863900;48,358669
2015-02-25;62,150002;64,099998;62,099998;63,580002;6970900;49,511173
2015-02-26;63,709999;63,860001;62,59;63,580002;4891500;49,511173
2015-02-27;63,68;64,059998;63,27;63,720001;3573900;49,620205
2015-03-02;63,400002;64,639999;63,259998;63,900002;4664400;49,760372
2015-03-03;63,889999;64,139999;63;63,470001;2944600;49,425522
2015-03-04;63,360001;63,490002;62,650002;62,889999;2763500;48,973862
2015-03-05;63,189999;63,290001;62,830002;63,189999;2598400;49,207474
2015-03-06;62,91;63,209999;62,700001;62,98;2775000;49,043949
2015-03-09;62,849998;63;62,5;62,560001;2703200;48,716881
2015-03-10;62,02;63,380001;61,849998;63,299999;4792500;49,293137
2015-03-11;63,189999;63,209999;62,209999;62,360001;2878200;48,802059
2015-03-12;62,650002;63,25;62,540001;63,189999;3218600;49,451607
2015-03-13;63,18;63,52;62,610001;63,360001;3226700;49,584641
2015-03-16;63,630001;64,150002;63,610001;64,129997;3611400;50,187237
2015-03-17;63,849998;64,260002;63,599998;64,099998;2787200;50,163761
2015-03-18;64,059998;64,989998;63,5;64,610001;4013100;50,562881
2015-03-19;64,43;65,190002;64,370003;65,07;2823900;50,922874
2015-03-20;65,169998;66,139999;65;65,980003;5929100;51,635017
2015-03-23;65,82;66,139999;65,629997;65,639999;3473000;51,368954
2015-03-24;65,32;65,769997;65,139999;65,330002;2338400;51,126347
2015-03-25;65,330002;65,82;64,720001;64,720001;3670000;50,648968
2015-03-26;64,139999;64,220001;63,23;63,259998;5000900;49,50639
2015-03-27;63,490002;64,010002;63,25;63,650002;2393100;49,811604
2015-03-30;64,07;64,669998;63,950001;64,440002;2721900;50,429844
2015-03-31;64,440002;65,75;64,059998;64,910004;4808300;50,797649
2015-04-01;64,519997;66,07;64,400002;65,449997;6269200;51,220257
2015-04-02;65,519997;68,480003;65,290001;67,849998;10021300;53,098465
2015-04-06;67,339996;68,18;67;68,129997;5113100;53,317577
2015-04-07;68,169998;69,389999;67,879997;67,949997;4176500;53,176716
2015-04-08;67,919998;69,980003;67,769997;69,800003;5338300;54,624512
2015-04-09;69,720001;69,720001;67,970001;68;6404200;53,215847
2015-04-10;68,730003;69,779999;68,709999;69,160004;7663500;54,123646
2015-04-13;69,239998;69,879997;68,980003;69,150002;4586200;54,115829
2015-04-14;68,809998;69,050003;67,169998;68;4501600;53,215847
2015-04-15;68,389999;68,709999;67,790001;67,910004;3148900;53,14542
2015-04-16;67,839996;68,269997;67,529999;67,669998;2238300;52,957603
2015-04-17;67,099998;67,529999;66,419998;66,449997;4512300;52,002838
2015-04-20;66,889999;67,139999;66,449997;66,790001;3013400;52,268917
2015-04-21;66,800003;67,25;66,349998;67,029999;2760000;52,456738
2015-04-22;67,07;67,370003;66,370003;67;2011400;52,433258
2015-04-23;67,029999;67,870003;67,029999;67,419998;2401500;52,76194
2015-04-24;67,419998;67,650002;66,910004;66,989998;2269800;52,42543
2015-04-27;66,830002;67,199997;65,68;65,940002;3560000;51,603714
2015-04-28;65,559998;66,169998;65,07;65,800003;3396800;51,494144
2015-04-29;65,68;65,760002;64,43;64,809998;5506600;50,719398
2015-04-30;64,769997;65,629997;64,300003;64,629997;3291900;50,578529
2015-05-01;64,160004;65,260002;63,959999;65,07;3449900;50,922874
2015-05-04;65,110001;65,669998;64,940002;65,290001;2041500;51,095032
2015-05-05;64,989998;65,25;64,440002;64,5;2905400;50,476803
2015-05-06;64,489998;64,599998;63,540001;63,610001;6060400;49,780296
2015-05-07;63,830002;65,110001;63,77;64,709999;4548900;50,641144
2015-05-08;65,709999;66,849998;65,699997;65,940002;3458300;51,603714
2015-05-11;65,839996;66,300003;65,459999;66,029999;5258700;51,674152
2015-05-12;65,559998;65,75;65,059998;65,330002;6027800;51,126347
2015-05-13;63,75;65,300003;63,27;63,73;15048600;49,874214
2015-05-14;63,27;63,810001;62,799999;63,220001;12727000;49,475094
2015-05-15;63,259998;66,550003;63,09;66,529999;12346900;52,065449
2015-05-18;66,25;68,150002;65,980003;67,849998;8017000;53,098465
2015-05-19;67,959999;69,220001;67,379997;69,080002;9370400;54,061047
2015-05-20;69,040001;69,190002;68,150002;68,209999;5724700;53,380192
2015-05-21;67,889999;68,440002;67,599998;67,660004;4659700;52,949776
2015-05-22;67,730003;68,400002;67,730003;68,110001;4005300;53,301929
2015-05-26;68,029999;68,139999;67,279999;67,330002;3987600;52,691532
2015-05-27;66,480003;67,849998;66,339996;67,800003;4184000;53,059334
2015-05-28;67,870003;68,790001;67,599998;68,040001;4493400;53,247147
2015-05-29;67,730003;67,940002;66,760002;66,949997;4812500;52,394142
2015-06-01;67,029999;67,510002;66,650002;66,809998;2421400;52,284565
2015-06-02;66,769997;69,5;66,5;68,489998;11752600;53,599316
2015-06-03;68,790001;69,989998;68,360001;69,68;6052600;54,53059
2015-06-04;68,730003;69,900002;68,529999;69,239998;4300700;54,186253
2015-06-05;69,239998;69,550003;68,75;69,25;4102200;54,194077
2015-06-08;69,339996;69,849998;68,650002;68,970001;3951900;53,974957
2015-06-09;69,139999;69,900002;68,769997;69,129997;5666400;54,100166
2015-06-10;69,260002;69,599998;68,650002;68,900002;4603800;53,920177
2015-06-11;69,120003;69,18;68,459999;68,919998;2893100;54,219112
2015-06-12;68,779999;69,910004;68,610001;69,610001;5617500;54,761932
2015-06-15;69,290001;69,290001;68,809998;68,980003;3338300;54,266319
2015-06-16;68,739998;69,25;68,739998;68,860001;2905000;54,171917
2015-06-17;69,18;70,32;69,07;70,050003;4391200;55,108105
2015-06-18;70,120003;70,989998;70,059998;70,639999;4451100;55,572231
2015-06-19;70,290001;70,830002;69,849998;69,849998;5279500;54,950745
2015-06-22;70,440002;70,510002;69,779999;69,900002;3219300;54,990089
2015-06-23;70,410004;71,099998;70,050003;70,110001;4064300;55,155289
2015-06-24;70,169998;70,68;69,889999;69,900002;3351700;54,990089
2015-06-25;69,959999;70,300003;69,160004;69,169998;3180400;54,415791
2015-06-26;69,43;70,190002;69,25;69,849998;2635100;54,950745
2015-06-29;67,790001;68,489998;66,989998;67,089996;7592900;52,779461
2015-06-30;67,919998;68,5;67,190002;67,470001;5645300;53,078415
2015-07-01;67,82;67,989998;67,150002;67,709999;4314500;53,267212
2015-07-02;67,889999;68,330002;67,260002;67,440002;3097600;53,054813
2015-07-06;67,059998;67,889999;66,970001;67,5;3134700;53,10202
2015-07-07;67,550003;68,050003;67,269997;68,019997;3936900;53,511097
2015-07-08;67,68;67,809998;65,919998;66,18;6092000;52,063572
2015-07-09;66,879997;67,139999;65,529999;65,779999;4282900;51,748894
2015-07-10;66,459999;66,849998;66,269997;66,480003;2332000;52,299587
2015-07-13;66,959999;67,32;66,5;66,709999;3717900;52,480526
2015-07-14;66,82;67,160004;66,519997;66,730003;2518200;52,496254
2015-07-15;66,970001;72,75;66,080002;72,010002;24834300;56,650009
2015-07-16;71,980003;72,870003;71,099998;72,800003;4841900;57,271507
2015-07-17;72,5;73,610001;72,059998;72,309998;6294200;56,886017
2015-07-20;72,589996;72,809998;72;72,139999;3460600;56,752274
2015-07-21;72,160004;72,300003;71,339996;71,669998;2765600;56,38253
2015-07-22;71,839996;72,339996;71,589996;71,910004;1984800;56,571339
2015-07-23;71,790001;72,199997;71,050003;71,209999;2513500;56,020653
2015-07-24;70,989998;71,019997;69,889999;69,940002;2739600;55,021545
2015-07-27;69,75;70,32;69,169998;69,949997;3139800;55,029415
2015-07-28;69;69,5;68,43;68,879997;5937800;54,187641
2015-07-29;68,860001;69,43;68,690002;69,190002;5768900;54,431526
2015-07-30;69,07;69,75;68,980003;69,330002;3328200;54,54166
2015-07-31;69,690002;69,940002;68,940002;69,059998;3336800;54,329254
2015-08-03;69,110001;69,150002;67,769997;68,209999;3925900;53,660568
2015-08-04;68,400002;68,839996;68,129997;68,57;2509400;53,943771
2015-08-05;69,239998;70,120003;68,830002;68,910004;4205500;54,21125
2015-08-06;68,540001;68,709999;66,800003;67,449997;3929900;53,062668
2015-08-07;67,550003;67,589996;66,660004;66,900002;3289600;52,629986
2015-08-10;67,230003;67,940002;67,089996;67,379997;4019900;53,007603
2015-08-11;67,080002;67,690002;66,769997;67,529999;6851000;53,125618
2015-08-12;66,550003;67,080002;63,52;64,110001;16185700;50,435108
2015-08-13;63,639999;65,110001;62,889999;62,98;6316500;49,546143
2015-08-14;63,099998;63,490002;62,299999;63,360001;5831500;49,845085
2015-08-17;62,91;63,27;62,5;62,950001;4827300;49,522549
2015-08-18;63,080002;63,43;62,369999;62,669998;5207400;49,302265
2015-08-19;62,459999;62,759998;61,990002;62,389999;7282000;49,081993
2015-08-20;61,650002;62,290001;61,439999;61,439999;3632800;48,334629
2015-08-21;60,869999;61,290001;59,110001;59,189999;5756800;46,56456
2015-08-24;56,009998;58,32;55,16;57,119999;7809000;44,936104
2015-08-25;58,849998;59,470001;56,759998;56,77;7540800;44,660748
2015-08-26;57,919998;58,779999;56,959999;58,720001;5493800;46,19482
2015-08-27;59,060001;59,639999;58,169998;59,049999;5632300;46,45443
2015-08-28;59,139999;59,509998;58,700001;59;2806800;46,415092
2015-08-31;58,880001;59,110001;58,349998;58,610001;3294400;46,108284
2015-09-01;57,610001;58,509998;57,5;57,950001;3923400;45,589062
2015-09-02;58,580002;59,110001;57,889999;58,619999;3458800;46,116142
2015-09-03;58,970001;60,130001;58,650002;59,279999;4337900;46,635361
2015-09-04;58,419998;59,23;58,23;58,400002;2738300;45,943073
2015-09-08;59,369999;59,369999;58,650002;59,169998;2819400;46,548832
2015-09-09;59,68;59,91;58,73;58,849998;6192400;46,297092
2015-09-10;58,889999;59,389999;58,169998;58,389999;4256800;45,935211
2015-09-11;57,900002;58,279999;57,119999;58,189999;3275000;46,061859
2015-09-14;58,16;58,209999;57,41;57,860001;2988600;45,800636
2015-09-15;57,959999;57,990002;57,130001;57,169998;4132000;45,254448
2015-09-16;56,900002;57,470001;56,689999;57,279999;7727300;45,341526
2015-09-17;57,34;57,599998;55,91;56;7020900;44,328312
2015-09-18;55,419998;55,560001;53,990002;54,060001;8889100;42,792645
2015-09-21;54,290001;54,799999;53,720001;53,91;4597100;42,673908
2015-09-22;53,75;53,990002;52,959999;53,439999;3871300;42,301868
2015-09-23;53,490002;53,700001;52,790001;52,849998;3251500;41,834827
2015-09-24;52,380001;52,799999;51,689999;52,080002;9602700;41,225319
2015-09-25;52,639999;53,110001;52,330002;52,509998;4942800;41,565704
2015-09-28;52,150002;52,279999;50,220001;50,290001;5271200;39,808403
2015-09-29;50,549999;50,82;49,720001;50,389999;5636200;39,887547
2015-09-30;50,990002;51,439999;50,75;51,32;4771600;40,623722
2015-10-01;51,18;51,5;50,75;51,049999;4130200;40,409996
2015-10-02;50,25;51,849998;50,029999;51,84;4224500;41,035343
2015-10-05;51,59;51,939999;51,209999;51,709999;4734700;40,932438
2015-10-06;51,310001;51,549999;50,73;51,389999;4275600;40,679134
2015-10-07;51,369999;51,790001;50,849998;51,130001;3246000;40,473335
2015-10-08;51,27;52,200001;51,130001;51,470001;4753700;40,742462
2015-10-09;51,490002;51,669998;50,939999;51;5805500;40,370422
2015-10-12;50,970001;51,169998;49,73;50,360001;6767700;39,863811
2015-10-13;50,330002;50,849998;49,91;50,259998;7392300;39,784653
2015-10-14;50,419998;50,849998;49,48;49,77;5691000;39,396782
2015-10-15;49,889999;50,5;49,450001;50,459999;4041500;39,942963
2015-10-16;50,560001;50,880001;50,360001;50,470001;3110000;39,95089
2015-10-19;50,32;51;50,18;50,709999;3480300;40,140854
2015-10-20;50,290001;50,919998;50,27;50,630001;3791100;40,077541
2015-10-21;50,990002;51,34;50,27;50,330002;3161700;39,840061
2015-10-22;50,439999;50,709999;49,619999;49,880001;4191700;39,48386
2015-10-23;50,189999;50,360001;47,68;47,970001;7175100;37,971947
2015-10-26;47,689999;49,02;47,099998;48,66;6418800;38,518131
2015-10-27;48,91;49,110001;48,27;49,049999;4184500;38,826855
2015-10-28;49,150002;49,93;48,939999;49,869999;4147200;39,475933
2015-10-29;49,860001;50,279999;49,32;49,700001;3491600;39,341373
2015-10-30;49,93;51,630001;49,82;50,98;6062200;40,354595
2015-11-02;51,02;51,419998;49,860001;51,34;7794300;40,639557
2015-11-03;51,240002;52,48;50,959999;51,18;7901200;40,512913
2015-11-04;51,18;51,18;49,549999;50,439999;7776500;39,927135
2015-11-05;50,57;50,77;49,720001;50,450001;3857300;39,935059
2015-11-06;50,25;50,450001;48,740002;48,900002;8079400;38,708115
2015-11-09;48,52;48,59;45,830002;46,240002;14209100;36,602509
2015-11-10;46,240002;47,75;45,860001;47,02;9690700;37,219944
2015-11-11;42,66;42,810001;39,75;40,439999;39208500;32,011368
2015-11-12;40,119999;41,580002;39,93;40,82;15487500;32,312164
2015-11-13;40,169998;40,169998;39,009998;39,099998;13306100;30,950657
2015-11-16;38,880001;39,02;37,869999;38,619999;10956000;30,570696
2015-11-17;38,959999;38,959999;37,75;38,029999;9981800;30,103664
2015-11-18;38,349998;39,119999;37,950001;38,919998;10489500;30,80817
2015-11-19;38,900002;39,169998;38,25;38,540001;5916400;30,507378
2015-11-20;39,040001;39,689999;38,400002;38,599998;10618400;30,554869
2015-11-23;39,139999;40,290001;38,830002;40,040001;10646700;31,694746
2015-11-24;39,599998;40,07;39,25;39,630001;14585800;31,370193
2015-11-25;39,900002;40,689999;39,790001;40,380001;7486200;31,963875
2015-11-27;40,59;40,619999;39,630001;39,990002;4170300;31,655161
2015-11-30;40,16;40,189999;38,799999;39,080002;9213100;30,934822
2015-12-01;39,380001;39,790001;38,98;39,330002;5784400;31,132715
2015-12-02;39,540001;39,939999;38,25;38,439999;9695100;30,428213
2015-12-03;38,509998;39,25;37,970001;38,98;13099900;30,855665
2015-12-04;38,490002;39,68;38,330002;39,32;8678700;31,124811
2015-12-07;39,060001;39,119999;38,450001;38,549999;7419300;30,515291
2015-12-08;38,119999;39,009998;38,009998;38,439999;6010100;30,428213
2015-12-09;38,43;39,139999;37,970001;38,150002;4805700;30,198666
2015-12-10;38,400002;38,869999;37,810001;37,880001;5838200;29,984936
2015-12-11;37,220001;37,470001;36,68;36,759998;5998500;29,37756
2015-12-14;36,91;37,169998;36,130001;36,369999;9672000;29,065886
2015-12-15;36,509998;36,91;35,779999;35,939999;12648500;28,722239
2015-12-16;36,150002;36,279999;35,360001;35,869999;11558900;28,666304
2015-12-17;35,990002;36;34,48;34,5;13722700;27,571436
2015-12-18;34,529999;35,169998;34,310001;34,869999;11151700;27,867128
2015-12-21;35,02;35,169998;34,52;35,02;6548800;27,987003
2015-12-22;34,540001;35,470001;34,049999;35,43;12345600;28,314667
2015-12-23;35,599998;36,209999;35,279999;36,060001;8194100;28,818144
2015-12-24;36,07;36,16;35,27;35,48;3654200;28,354628
2015-12-28;35,459999;35,880001;35,27;35,5;5748100;28,370605
2015-12-29;35,669998;36,049999;35,330002;35,700001;4990400;28,530436
2015-12-30;35,740002;35,990002;35,25;35,380001;6558600;28,274706
2015-12-31;35,27;35,549999;34,950001;34,98;4673400;27,955032
2016-01-04;34,450001;35,889999;34,330002;35,790001;10916100;28,602371
2016-01-05;36,650002;37,389999;36,23;36,959999;13382700;29,537395
2016-01-06;36,349998;36,689999;35,73;36,150002;13051000;28,89007
2016-01-07;36,549999;38,450001;36,290001;36,889999;18245300;29,481457
2016-01-08;36,849998;37,119999;35,549999;35,889999;10981000;28,68228
2016-01-11;37;38,849998;36,950001;38,82;16954200;31,023855
2016-01-12;38,869999;39,099998;37,610001;38,610001;10161400;30,856035
2016-01-13;38,439999;39,57;38,18;38,639999;10138500;30,880003
2016-01-14;38,700001;38,759998;37,59;37,639999;7297400;30,080833
2016-01-15;36,82;38,139999;36,82;37,880001;7774600;30,272636
2016-01-19;37,990002;40,009998;37,470001;38,759998;12771700;30,97591
2016-01-20;38,130001;40,139999;37,52;39,73;10793100;31,751106
2016-01-21;39,799999;41,599998;39,73;40,610001;9147000;32,454372
2016-01-22;41;41,799999;40,599998;41,349998;8391000;33,045761
2016-01-25;41,25;41,459999;39,25;39,32;7357300;31,423443
2016-01-26;39,560001;40,57;39,529999;40,18;5299700;32,110725
2016-01-27;39,830002;41,049999;39,82;40,290001;5554700;32,198643
2016-01-28;40,619999;40,619999;39,240002;39,57;5278300;31,62323
2016-01-29;39,990002;40,610001;39,84;40,41;5767700;32,294544
2016-02-01;40,220001;41,209999;39,630001;40,91;4905400;32,694126
2016-02-02;41,220001;41,599998;40,349998;40,900002;4189800;32,686134
2016-02-03;40,98;41,93;39,98;41,619999;4480700;33,261536
2016-02-04;39,939999;40,82;39,48;40,740002;7030200;32,55827
2016-02-05;41,279999;41,279999;40,16;40,259998;5461400;32,174664
2016-02-08;40;40,43;39,02;39,650002;5649500;31,687172
2016-02-09;39,48;39,889999;38,790001;39,509998;4117600;31,575287
2016-02-10;39,799999;39,970001;38,720001;38,810001;5004800;31,015873
2016-02-11;38,32;39,169998;37,73;37,900002;5364900;30,288614
2016-02-12;38,060001;39,299999;37,709999;39,25;4476700;31,367502
2016-02-16;39,560001;41,009998;39,040001;40,470001;5171800;32,342487
2016-02-17;40,950001;41,32;40,869999;41,099998;5693700;32,845963
2016-02-18;40,669998;41,150002;40,150002;41,130001;5145400;32,869946
2016-02-19;40,779999;40,830002;38,830002;40,23;6112800;32,150688
2016-02-22;40,490002;41,709999;40,349998;41,060001;6766200;32,814011
2016-02-23;42;43,529999;40,52;42,310001;16311500;33,812973
2016-02-24;41,48;43,049999;40,880001;42,849998;6680400;34,244518
2016-02-25;43,209999;43,57;42,560001;43,369999;4399600;34,660091
2016-02-26;43,959999;44;42,799999;43,43;4475400;34,708038
2016-02-29;43,470001;43,5;42,889999;43,209999;4110600;34,532223
2016-03-01;43,470001;43,799999;43,150002;43,700001;2605200;34,923824
2016-03-02;43,580002;44;43,209999;43,959999;3101800;35,131607
2016-03-03;43,959999;44,369999;43,48;44,09;3329000;35,235497
2016-03-04;44,119999;45,130001;43,98;44,580002;4268500;35,62709
2016-03-07;44,23;45,049999;44,23;44,619999;2749100;35,659054
2016-03-08;44,509998;44,75;44,009998;44,040001;3138800;35,195538
2016-03-09;44,130001;44,720001;43,889999;44,310001;2878200;35,411316
2016-03-10;44,700001;44,799999;43,740002;44,200001;3123400;35,323399
2016-03-11;44,419998;44,650002;43,990002;44,349998;3357900;35,734322
2016-03-14;44,189999;44,580002;43,540001;43,869999;2989500;35,347569
2016-03-15;44,040001;44,580002;42,91;43,110001;4432900;34,735218
2016-03-16;43,130001;43,509998;42,41;43,5;3755800;35,049454
2016-03-17;43,400002;44,169998;43,139999;43,970001;2932300;35,428146
2016-03-18;44,119999;45,5;43,93;44,869999;5373300;36,153301
2016-03-21;44,650002;44,93;43,740002;44,150002;3522900;35,573185
2016-03-22;44,119999;44,349998;43,560001;43,779999;3082000;35,275059
2016-03-23;43,59;43,830002;42,900002;43,419998;2526100;34,984993
2016-03-24;43,450001;43,549999;42,880001;43,48;2622000;35,03334
2016-03-28;43,509998;44,709999;43,509998;44,380001;2665000;35,758495
2016-03-29;44,59;44,66;44,189999;44,419998;2561300;35,790722
2016-03-30;44,619999;44,84;43,849998;44,099998;2364700;35,53289
2016-03-31;44,09;44,450001;43,650002;44,09;2861500;35,524837
2016-04-01;44,009998;44,07;42,91;42,959999;3766700;34,614357
2016-04-04;43,099998;43,130001;42,099998;42,16;3839700;33,969765
2016-04-05;42;42,099998;41,34;41,470001;3140400;33,413818
2016-04-06;41,650002;41,860001;40,75;41,57;3629000;33,494389
2016-04-07;41,400002;41,73;40,349998;40,619999;3558800;32,728935
2016-04-08;40,18;40,220001;39,310001;39,68;5153700;31,971542
2016-04-11;39,75;40,380001;39,57;39,82;5571200;32,084343
2016-04-12;39,939999;40,349998;39,279999;40,07;4214900;32,285789
2016-04-13;40,110001;40,380001;39,349998;40,330002;3993200;32,495274
2016-04-14;40,349998;40,439999;39,060001;39,66;6076500;31,955429
2016-04-15;39,790001;40,720001;39,759998;40,639999;4715300;32,745045
2016-04-18;40,73;41,27;40,41;40,720001;4201200;32,809513
2016-04-19;40,849998;41,27;40,540001;41,150002;3505700;33,155975
2016-04-20;41,209999;42,040001;41,16;41,360001;3460600;33,325176
2016-04-21;41,400002;41,810001;41,18;41,549999;3926700;33,478264
2016-04-22;41,400002;41,66;40,700001;40,959999;4173800;33,002884
2016-04-25;40,779999;40,93;40,099998;40,330002;2447500;32,495274
2016-04-26;40,259998;40,59;39,91;40,540001;2877400;32,664478
2016-04-27;40,669998;41,07;40,240002;41,009998;2633200;33,043171
2016-04-28;40,91;41,040001;40,529999;40,599998;2298200;32,712826
2016-04-29;40,650002;40,650002;39,310001;39,59;3274700;31,899029
2016-05-02;39,779999;40,150002;39,619999;39,91;2919300;32,15686
2016-05-03;39,68;39,77;39,150002;39,490002;2924900;31,818457
2016-05-04;39,16;39,16;38,23;38,68;3903200;31,165804
2016-05-05;38,450001;38,450001;37,52;37,900002;5176000;30,537338
2016-05-06;37,48;37,689999;37;37,650002;4274600;30,335899
2016-05-09;37,060001;38,049999;36,93;37,740002;4746100;30,408421
2016-05-10;37,25;37,830002;36,91;36,990002;9834800;29,804123
2016-05-11;36,990002;36,990002;31,35;31,379999;35465500;25,283949
2016-05-12;31,209999;31,52;30,360001;31,209999;16842900;25,146971
2016-05-13;31,059999;32,369999;30,440001;31,219999;15950500;25,155033
2016-05-16;31,469999;31,549999;30,5;30,73;7993400;24,760225
2016-05-17;30,75;30,98;30,209999;30,4;9053200;24,494329
2016-05-18;30,190001;30,610001;29,940001;30,07;8359300;24,228434
2016-05-19;30,200001;30,889999;30,1;30,870001;15603800;24,873028
2016-05-20;31;31,309999;30,5;31,290001;9078600;25,211432
2016-05-23;31,309999;32,009998;31,26;31,290001;8382300;25,211432
2016-05-24;31,35;31,620001;31,08;31,190001;6215900;25,130863
2016-05-25;31,33;32;31,190001;31,809999;6729000;25,630415
2016-05-26;32,16;32,279999;31,4;31,57;5358000;25,437038
2016-05-27;31,66;32,84;31,51;32,720001;10194200;26,363634
2016-05-31;32,630001;33,25;32,540001;33,209999;9122800;26,758444
2016-06-01;33,049999;33,389999;32,720001;33,029999;6846800;26,613413
2016-06-02;33,049999;34,610001;33,049999;34,349998;12976300;27,676979
2016-06-03;33,93;34,560001;33,84;34,330002;7624400;27,660864
2016-06-06;34,52;34,630001;33,880001;34,279999;6255600;27,620579
2016-06-07;34,099998;34,650002;33,889999;34,32;5378400;27,652809
2016-06-08;34,560001;34,650002;33,990002;34,259998;4882800;27,604467
2016-06-09;34,150002;34,150002;33,240002;33,599998;7187600;27,072678
2016-06-10;32,950001;33,290001;32,630001;33,240002;5959200;26,782612
2016-06-13;32,529999;32,68;31,549999;31,6;7936500;25,753691
2016-06-14;31,67;31,84;30,950001;31,309999;6164300;25,517342
2016-06-15;31,91;32,830002;31,82;31,940001;6757900;26,030787
2016-06-16;32,610001;32,68;32,009998;32,349998;6281400;26,364927
2016-06-17;32,32;33,419998;32,32;33,23;11335000;27,082127
2016-06-20;33,599998;33,77;33,169998;33,209999;5676900;27,065823
2016-06-21;33,389999;33,419998;32,919998;33,040001;4177300;26,927279
2016-06-22;33,200001;33,549999;32,740002;32,810001;3989200;26,739832
2016-06-23;33,5;34,41;33,27;33,380001;11227500;27,204372
2016-06-24;32,400002;32,490002;31,99;32,080002;12607200;26,144886
2016-06-27;31,870001;31,889999;30,82;31,709999;8269000;25,84334
2016-06-28;32,02;32,700001;31,82;32,43;5871000;26,430136
2016-06-29;32,740002;33,73;32,669998;33,32;6855900;27,155472
2016-06-30;33,450001;33,689999;32,650002;33,610001;6587900;27,391821
2016-07-01;33,619999;34,029999;33,389999;33,599998;5157600;27,383667
2016-07-05;33,330002;33,490002;32,540001;33,099998;4905300;26,976173
2016-07-06;32,93;33,700001;32,669998;33,610001;5912600;27,391821
2016-07-07;33,580002;34,189999;33,41;33,610001;4533700;27,391821
2016-07-08;33,950001;34,689999;33,939999;34,360001;8148900;28,003063
2016-07-11;34,509998;34,869999;34,43;34,860001;6507200;28,410561
2016-07-12;34,98;35,73;34,970001;35,650002;7639500;29,054399
2016-07-13;35,560001;35,830002;34,860001;35,080002;5755600;28,589859
2016-07-14;35,529999;35,619999;34,599998;34,830002;6540400;28,38611
2016-07-15;34,939999;35,18;34,470001;34,68;5885200;28,263857
2016-07-18;34,59;35,360001;34,540001;35,25;5467700;28,728403
2016-07-19;35,09;35,150002;34,75;34,869999;3289300;28,418707
2016-07-20;35,139999;35,369999;34,810001;35,299999;3011900;28,769146
2016-07-21;35,279999;35,709999;35,25;35,490002;3667600;28,924002
2016-07-22;35,5;35,650002;34,880001;35,279999;3513100;28,752853
2016-07-25;35,41;36,52;35,360001;36,459999;6423200;29,714537
2016-07-26;37,040001;37,419998;36,619999;36,82;8192600;30,007935
2016-07-27;36,950001;37;35,529999;35,700001;5423100;29,095152
2016-07-28;35,580002;35,880001;34,779999;35,869999;5052500;29,233692
2016-07-29;35,830002;35,919998;35;35,830002;6623000;29,201103
2016-08-01;35,919998;35,98;35,220001;35,32;4821300;28,785452
2016-08-02;34,970001;34,970001;32,330002;32,759998;13392600;26,699078
2016-08-03;31,92;33,509998;31,02;33,43;10820100;27,245121
2016-08-04;33,459999;34;33,139999;33,689999;4681700;27,457022
2016-08-05;33,970001;34,349998;33,740002;34,110001;5181800;27,799314
2016-08-08;34,709999;35,209999;34,599998;34,75;8447700;28,32091
2016-08-09;34,5;34,540001;33,470001;33,779999;8427600;27,530367
2016-08-10;33,990002;34,790001;33,900002;34;10848200;27,709663
2016-08-11;38,900002;40,389999;38,41;39,810001;40540700;32,444763
2016-08-12;39,23;39,919998;38,939999;39,82;15747700;32,452908
2016-08-15;39,98;40,599998;39,880001;40,459999;11196500;32,974495
2016-08-16;40,080002;40,98;39,959999;40,700001;7633300;33,170097
2016-08-17;40,459999;40,860001;39,889999;40,41;5798300;32,933754
2016-08-18;40,439999;40,599998;39,830002;40,25;5013000;32,803352
2016-08-19;40,099998;40,419998;39,919998;40,299999;4863400;32,844101
2016-08-22;40,299999;40,34;39,299999;39,349998;5598400;32,069862
2016-08-23;39,650002;40,18;39,48;40;5603500;32,599606
2016-08-24;39,880001;40,110001;39,619999;39,73;4083100;32,379562
2016-08-25;39,52;40,290001;39,07;39,25;8484600;31,988367
2016-08-26;39,25;39,48;38,43;38,560001;6257100;31,42602
2016-08-29;38,639999;39,009998;38,349998;38,689999;7557100;31,531969
2016-08-30;38,689999;38,689999;38,029999;38,189999;3644200;31,124474
2016-08-31;38,25;38,52;36,080002;36,18;16085900;29,486343
2016-09-01;36,32;36,619999;36,029999;36,34;6774000;29,616747
2016-09-02;36,43;36,919998;36,110001;36,639999;5428100;29,861237
2016-09-06;36,509998;36,560001;35,73;36,150002;8188200;29,461897
2016-09-07;36,400002;37,369999;36,240002;37,189999;6638700;30,309486
2016-09-08;37,139999;37,169998;35,950001;36;7557600;29,339649
2016-09-09;35,869999;36,049999;35,470001;35,48;5026200;28,915848
2016-09-12;35,27;35,73;34,810001;35,650002;6999500;29,054399
2016-09-13;34,959999;35,25;34,310001;34,68;6029700;28,566349
2016-09-14;35,450001;35,830002;34,82;35,209999;10993000;29,002916
2016-09-15;35,110001;35,880001;35,060001;35,560001;5816800;29,291218
2016-09-16;35,369999;35,73;35,189999;35,540001;9439900;29,274744
2016-09-19;35,560001;35,799999;35,150002;35,220001;4416200;29,011158
2016-09-20;35,299999;35,5;34,849998;34,959999;4226700;28,796986
2016-09-21;35,799999;36,07;35,48;36,009998;7009300;29,661886
2016-09-22;36,18;36,860001;36;36,259998;8356600;29,867819
2016-09-23;36,220001;36,810001;36,209999;36,619999;4698800;30,164354
2016-09-26;36,400002;37,060001;36,200001;36,240002;6223800;29,851341
2016-09-27;36,209999;36,639999;36,049999;36,599998;3590100;30,147873
2016-09-28;36,189999;36,66;35,700001;36,099998;4994300;29,736021
2016-09-29;36;36,48;35,810001;36,049999;3813900;29,694836
2016-09-30;36,389999;37,220001;36,389999;37,049999;5363200;30,518547
2016-10-03;36,970001;37,23;36,169998;36,279999;4269400;29,884289
2016-10-04;36,310001;36,599998;36,080002;36,560001;5100900;30,114933
2016-10-05;36,759998;37,580002;36,57;37,360001;5997700;30,773897
2016-10-06;37,169998;37,860001;36,73;37,68;6813600;31,037485
2016-10-07;37,889999;38,369999;37,549999;38,040001;6689000;31,334028
2016-10-10;38,220001;38,48;37,439999;37,540001;4378300;30,922169
2016-10-11;37,529999;37,73;37,139999;37,240002;3830700;30,675053
2016-10-12;37,240002;37,740002;36,970001;37,540001;3730400;30,922169
2016-10-13;37,290001;37,34;36,389999;36,799999;4712900;30,312624
2016-10-14;35,970001;36,27;35,189999;35,57;7822300;29,299456
2016-10-17;35,529999;36,209999;34,880001;35,09;7208800;28,904068
2016-10-18;35,25;35,349998;34,799999;35,200001;4659100;28,994684
2016-10-19;35,150002;35,610001;34,900002;35,59;3200800;29,315929
2016-10-20;35,599998;36,060001;35,48;35,869999;3277900;29,546566
2016-10-21;35,759998;36,52;35,59;36,509998;3349100;30,073744
2016-10-24;36,689999;37,040001;36,400002;36,639999;2991900;30,180822
2016-10-25;36,240002;36,349998;35,810001;35,93;4082300;29,595993
2016-10-26;35,82;36,380001;35,759998;35,950001;3899400;29,612467
2016-10-27;36;36,169998;35,130001;35,299999;5347200;29,077047
2016-10-28;35,32;35,900002;35,240002;35,560001;4083200;29,291218
2016-10-31;36,02;36,57;35,799999;36,490002;6991000;30,057268
2016-11-01;36,439999;37,349998;36,419998;36,84;7155900;30,345566
2016-11-02;36,860001;37,09;36,560001;36,889999;5097300;30,386759
2016-11-03;37,040001;37,459999;36,810001;36,889999;5951800;30,386759
2016-11-04;36,970001;37,470001;36,799999;36,849998;4210200;30,353802
2016-11-07;37,23;37,810001;37,099998;37,77;4792300;31,111626
2016-11-08;37,709999;38,240002;37,48;37,869999;5347600;31,193996
2016-11-09;37,189999;38,91;36,75;38,380001;11462500;31,614084
2016-11-10;39,990002;42;39,599998;40,529999;18878700;33,385067
2016-11-11;40,490002;41,369999;40,169998;41,360001;9285400;34,068748
2016-11-14;41,099998;43,939999;41,099998;41,560001;13391200;34,23349
2016-11-15;41,57;41,790001;40,450001;41,389999;7689700;34,093456
2016-11-16;41,790001;42,060001;41,209999;41,84;5874200;34,46413
2016-11-17;41,939999;43,09;41,68;43,049999;6278500;35,460823
2016-11-18;42,720001;43,220001;41,959999;43,029999;5055400;35,444347
2016-11-21;43,139999;43,599998;42,849998;43,189999;3919300;35,576141
2016-11-22;43,740002;44,68;43,490002;44,459999;6643900;36,622257
2016-11-23;44,209999;45,16;44,189999;44,91;5410700;36,992928
2016-11-25;45,150002;45,41;44,09;44,139999;3061500;36,358665
2016-11-28;43,75;44;42,860001;43,130001;7049100;35,526722
2016-11-29;43,27;43,610001;42,389999;42,490002;5770500;34,999542
2016-11-30;42,389999;42,66;41,580002;42,200001;6986800;34,76067
2016-12-01;42,009998;43,450001;41,900002;42,419998;5248200;34,941883
2016-12-02;42,490002;43,040001;42,25;42,48;3662500;34,99131
2016-12-05;42,619999;43,009998;41,52;41,91;7201800;34,52179
2016-12-06;41,799999;42,68;41,330002;42,400002;6825900;34,925411
2016-12-07;42,560001;43,23;42,349998;43,18;4518900;35,567902
2016-12-08;43,209999;43,790001;42,669998;43,07;4230600;35,477306
2016-12-09;43,040001;43,080002;42,169998;42,439999;3613200;34,958366
2016-12-12;42,240002;42,299999;40,369999;40,459999;8359100;33,327408
2016-12-13;40,25;40,919998;39,990002;40,709999;5360100;33,849155
2016-12-14;40,580002;40,919998;40,139999;40,16;4294600;33,391846
2016-12-15;40,09;40,66;40,049999;40,139999;6317000;33,375221
2016-12-16;39,77;39,779999;37,32;37,470001;12889800;31,155195
2016-12-19;37,360001;37,880001;36,939999;37;7911100;30,764402
2016-12-20;37,25;38,16;37,25;37,950001;6167100;31,554296
2016-12-21;37,860001;37,970001;37,48;37,509998;2991200;31,18845
2016-12-22;37,529999;37,669998;36,049999;36,169998;6756100;30,074284
2016-12-23;36,279999;36,93;36,259998;36,48;4269400;30,332037
2016-12-27;36,669998;37,23;36,27;36,529999;4671300;30,37361
2016-12-28;36,610001;36,93;36,119999;36,279999;3521600;30,165745
2016-12-29;36,240002;36,599998;35,919998;36,290001;3121300;30,174059
2016-12-30;36,360001;36,5;35,610001;35,810001;3788300;29,774954
2017-01-03;36,130001;36,200001;34,790001;35,23;9777600;29,292702
2017-01-04;35,509998;36,400002;35,48;35,84;9508700;29,799892
2017-01-05;31,57;31,85;30,51;30,860001;29249100;25,659172
2017-01-06;30,82;31,52;30,549999;30,82;11484800;25,625917
2017-01-09;30,879999;30,99;30,35;30,459999;9250300;25,326584
2017-01-10;30,639999;30,68;30,120001;30,299999;10683700;25,19355
2017-01-11;30,5;30,530001;29,75;29,950001;8964000;24,902536
2017-01-12;29,83;30,190001;29,700001;29,98;6352400;24,927479
2017-01-13;29,92;30;29,66;29,879999;5858000;24,844334
2017-01-17;29,91;30,6;29,870001;29,9;8773000;24,860962
2017-01-18;30,01;30,01;28,549999;29,440001;13242200;24,478483
2017-01-19;29,5;29,83;29,27;29,450001;7456100;24,486803
2017-01-20;29,57;29,85;29,459999;29,700001;7018800;24,69467
2017-01-23;29,48;29,92;29,35;29,629999;4666000;24,636467
2017-01-24;29,52;30,030001;29,52;29,98;5049700;24,927479
2017-01-25;30,16;30,4;29,93;30,15;6088300;25,068827
2017-01-26;30,18;30,34;29,809999;29,92;4353900;24,877592
2017-01-27;29,950001;29,969999;28,700001;29,110001;9945400;24,2041
2017-01-30;29,07;29,530001;29,030001;29,52;5403600;24,545006
2017-01-31;28,85;29,58;28,74;29,540001;9050700;24,561634
2017-02-01;29,32;29,57;29,120001;29,209999;5061200;24,287249
2017-02-02;30,32;31,059999;29,9;30,719999;16462800;25,542768
2017-02-03;30,690001;34,369999;30,110001;32,689999;47958400;27,180763
2017-02-06;32,639999;32,790001;31,639999;31,790001;14485800;26,432442
2017-02-07;31,74;32,150002;31,02;31,200001;10415500;25,941874
2017-02-08;31,049999;31,98;30,809999;31,98;6918200;26,59042
2017-02-09;31,98;32,650002;31,639999;32,369999;7609600;26,914694
2017-02-10;32,439999;32,880001;31,549999;31,99;7894900;26,598732
2017-02-13;33,07;33,23;32,43;32,580002;14055000;27,089306
2017-02-14;32,610001;32,990002;32,5;32,68;7542200;27,172453
2017-02-15;32,889999;33,02;32,41;32,740002;7325000;27,222342
2017-02-16;32,700001;32,869999;31,719999;31,82;8813700;26,457386
2017-02-17;31,959999;32,310001;31,860001;32,299999;8197200;26,856491
2017-02-21;33,09;33,490002;32,130001;32,290001;16118500;26,848179
2017-02-22;32,299999;32,84;32,110001;32,360001;9381600;26,906378
2017-02-23;32,48;33,09;32,27;32,439999;8962200;26,972897
2017-02-24;32,48;33,560001;32,27;33,169998;8149200;27,579868
2017-02-27;33,150002;33,73;33,110001;33,57;6298900;27,912458
2017-02-28;33,150002;33,240002;32,66;33,220001;10276400;27,621443
2017-03-01;33,48;33,669998;32,880001;32,950001;6063300;27,396954
2017-03-02;33,130001;33,32;32,959999;33,220001;4489400;27,621443
2017-03-03;32,939999;33,169998;31,18;31,77;13194700;26,41581
2017-03-06;31,32;31,35;30,209999;30,690001;10976100;25,517822
2017-03-07;30,76;31,02;30,559999;30,809999;6092000;25,617599
2017-03-08;30,84;32,16;30,74;31,77;7859800;26,41581
2017-03-09;31,809999;31,870001;31,34;31,530001;4471700;26,216259
2017-03-10;31,76;31,969999;31,469999;31,73;3914600;26,382557
2017-03-13;31,32;31,440001;30,799999;30,9;6127400;26,001785
2017-03-14;31,07;31,75;30,5;30,950001;4737100;26,043856
2017-03-15;30,780001;30,780001;29,889999;30,32;8595600;25,513723
2017-03-16;30;30,58;29,75;30,41;6385600;25,589457
2017-03-17;30,559999;30,68;30,219999;30,540001;11769100;25,698851
2017-03-20;30,59;30,59;29,309999;29,370001;7840400;24,714319
2017-03-21;29,33;29,4;27,84;28,42;11558200;23,914909
2017-03-22;28,389999;28,440001;27,83;28,370001;6532500;23,872835
2017-03-23;28,4;28,959999;28,200001;28,27;5434500;23,788689
2017-03-24;28,02;28,309999;27,82;28,17;4292500;23,704538
2017-03-27;27,82;28,290001;27,719999;27,93;5857700;23,502581
2017-03-28;27,75;28,58;27,74;28,549999;4538700;24,0243
2017-03-29;28,549999;29,5;28,4;29,27;6315500;24,630169
2017-03-30;29,139999;29,65;29,059999;29,459999;4662800;24,790051
2017-03-31;29,459999;29,9;29,450001;29,639999;5931700;24,941515
2017-04-03;29,6;29,82;29,16;29,639999;5186000;24,941515
2017-04-04;29,48;29,49;28,540001;28,889999;6905000;24,310404
2017-04-05;28,969999;29,559999;28,709999;28,82;6649300;24,251501
2017-04-06;28,969999;30,08;28,969999;29,42;5994500;24,756392
2017-04-07;29,370001;29,620001;29,049999;29,1;4897700;24,487118
2017-04-10;29,280001;29,809999;29,110001;29,52;4849500;24,84054
2017-04-11;29,559999;29,75;29,139999;29,709999;3316100;25,000422
2017-04-12;29,65;29,780001;29,1;29,17;5431100;24,546022
2017-04-13;29,27;29,4;28,82;29,17;4184300;24,546022
2017-04-17;29,17;29,23;28,57;28,82;4143600;24,251501
2017-04-18;28,77;28,84;28,459999;28,709999;3459600;24,158936
2017-04-19;28,799999;29,459999;28,799999;29,09;4257600;24,478701
2017-04-20;29,32;30,18;29,32;30,01;5348700;25,252865
2017-04-21;29,85;30,049999;29,32;29,48;3549400;24,806879
2017-04-24;29,790001;29,84;29,049999;29,190001;4288600;24,562851
2017-04-25;29,35;29,540001;29,01;29,280001;4465100;24,638582
2017-04-26;29,379999;29,719999;29,309999;29,43;3009100;24,764807
2017-04-27;29,469999;29,629999;29,200001;29,51;2959300;24,832127
2017-04-28;29,469999;29,51;29,030001;29,219999;4259600;24,588093
2017-05-01;29,23;29,299999;28,66;28,860001;4011200;24,285164
2017-05-02;28,879999;29,6;28,76;29,5;3440500;24,823706
2017-05-03;29,5;29,719999;29;29,16;3781500;24,537605
2017-05-04;29,280001;29,559999;28,91;28,92;3584000;24,335649
2017-05-05;29,01;29,299999;28,91;28,969999;4764800;24,377722
2017-05-08;29,15;29,200001;28,610001;28,67;4041400;24,125278
2017-05-09;28,66;29,49;28,57;29,299999;10917000;24,655415
2017-05-10;29,280001;29,83;29,209999;29,34;7930500;24,689074
2017-05-11;26,48;27;24,25;24,35;47285600;20,49008
2017-05-12;24,41;24,450001;23,57;23,610001;20009100;19,867382
2017-05-15;23,690001;23,9;23,1;23,209999;19967100;19,53079
2017-05-16;23,32;23,32;22,709999;22,82;16890800;19,202614
2017-05-17;22,82;23,219999;22,719999;23,01;11340600;19,362492
2017-05-18;23,059999;23,360001;22,610001;22,76;9039500;19,152124
2017-05-19;22,809999;23,16;22,43;23,01;8608200;19,362492
2017-05-22;23,030001;23,709999;22,92;23,41;9339200;19,699085
2017-05-23;23,5;23,51;23,040001;23,049999;5531300;19,396152
2017-05-24;23,049999;23,290001;22,92;23,18;4435600;19,505545
2017-05-25;23,4;23,719999;23,32;23,360001;5601900;19,657013
2017-05-26;23,360001;23,549999;23,129999;23,440001;4094500;19,724329
2017-05-30;23,440001;23,83;23,4;23,6;6781300;19,858965
2017-05-31;23,6;23,629999;23,110001;23,5;11249900;19,774818
2017-06-01;23,469999;24,16;23,469999;24,08;6063400;20,262877
2017-06-02;24,299999;24,559999;23,76;23,809999;6796600;20,035681
2017-06-05;23,719999;23,969999;23,459999;23,860001;4765700;20,077753
2017-06-06;23,9;24,42;21,860001;21,9;30079800;18,428448
2017-06-07;21,98;22,049999;21,51;21,809999;14050200;18,352713
2017-06-08;21,809999;22,860001;21,76;21,77;18786900;18,319057
2017-06-09;21,82;22,76;21,66;22,700001;13500800;19,101633
2017-06-12;22,77;23,33;22,43;22,67;12620800;19,076389
2017-06-13;22,15;22,66;22,120001;22,26;8510500;19,04858
2017-06-14;22,299999;22,809999;21,92;22,76;9440500;19,476444
2017-06-15;22,690001;23,120001;22,530001;22,73;6371700;19,450771
2017-06-16;22,610001;22,940001;22,17;22,93;8967800;19,621918
2017-06-19;23,049999;23,049999;22,42;22,709999;8765900;19,433657
2017-06-20;22,690001;22,690001;22,08;22,1;6548600;18,911661
2017-06-21;22,02;22,110001;21,540001;21,6;8550300;18,483797
2017-06-22;21,629999;22,23;21,51;22,09;6466800;18,903101
2017-06-23;22,129999;22,32;21,91;22,27;6753600;19,057138
2017-06-26;22,290001;22,58;22,18;22,469999;6424200;19,228281
2017-06-27;22,49;23,23;22,49;23,09;10413000;19,758837
2017-06-28;23,209999;23,530001;23,030001;23,18;11342200;19,835852
2017-06-29;23,280001;23,370001;22,719999;22,950001;7060700;19,639032
2017-06-30;23,08;23,27;22,77;23,24;6154700;19,887194
2017-07-03;23,33;23,93;23,299999;23,84;3895400;20,400635
2017-07-05;24,17;24,65;23,51;23,52;12113800;20,126799
2017-07-06;23,26;23,4;22,82;22,85;5704700;19,553459
2017-07-07;22,92;23,049999;22,6;22,68;7630000;19,407984
2017-07-10;22,68;22,700001;21,07;21,08;21696300;18,038815
2017-07-11;21,15;21,280001;20,85;21,17;10020700;18,115833
2017-07-12;21,219999;21,34;21,01;21,23;7457300;18,167175
2017-07-13;21,58;22,459999;21,559999;22,1;14105900;18,911661
2017-07-14;22,190001;22,5;21,959999;22,360001;8571400;19,134153
2017-07-17;22,360001;23,360001;22,32;23,049999;11494900;19,724606
2017-07-18;23;23,129999;22,5;22,68;5780000;19,407984
2017-07-19;22,83;23,08;22,68;22,99;4045600;19,673262
2017-07-20;22,84;23,290001;22,83;23,07;6034300;19,74172
2017-07-21;23,120001;23,42;22,860001;23,360001;4822200;19,989883
2017-07-24;23,219999;23,35;22,629999;22,690001;5453800;19,416546
2017-07-25;22,84;23,690001;22,790001;23,49;6531000;20,101128
2017-07-26;23,549999;23,639999;23,16;23,540001;5482200;20,143915
2017-07-27;23,59;24,370001;23,33;24,200001;8594800;20,708698
2017-07-28;24,15;24,190001;23,610001;23,93;5342000;20,477654
2017-07-31;24,370001;24,450001;23,549999;23,75;5862600;20,323618
2017-08-01;23,719999;24,01;23,389999;23,98;4575900;20,520437
2017-08-02;23,75;23,950001;23,1;23,17;6529800;19,827293
2017-08-03;23,290001;24,040001;23,219999;23,59;6047000;20,186699
2017-08-04;23,57;23,65;23,18;23,299999;8755600;19,93854
2017-08-07;23,27;23,690001;23,040001;23,559999;6071500;20,161032
2017-08-08;24,110001;24,24;23,469999;23,52;6386400;20,126799
2017-08-09;23,4;23,66;22,780001;23,030001;9981200;19,707491
2017-08-10;22,620001;22,85;20,549999;20,67;39690300;17,687965
2017-08-11;20,379999;21,030001;20,16;20,620001;12503900;17,64518
2017-08-14;20,77;20,9;20,309999;20,35;8824200;17,414135
2017-08-15;20,4;20,540001;20,209999;20,290001;7943000;17,362787
2017-08-16;20,469999;20,790001;20,110001;20,139999;8763100;17,234428
2017-08-17;20,09;20,129999;19,610001;19,620001;20363400;16,789448
2017-08-18;19,559999;19,639999;19,35;19,49;10487600;16,6782
2017-08-21;19,48;19,690001;19,32;19,530001;9380800;16,712433
2017-08-22;20,01;20,58;19,940001;20,42;17550700;17,474035
2017-08-23;20,32;20,709999;20,209999;20,5;8871100;17,54249
2017-08-24;20,889999;21,26;20,610001;20,690001;12329800;17,70508
2017-08-25;20,65;21,27;20,65;21,110001;8701600;18,064486
2017-08-28;21,200001;21,25;20,940001;21,16;5801100;18,107273
2017-08-29;20,870001;20,969999;20,690001;20,940001;7143700;17,919012
2017-08-30;20,940001;21,049999;20,75;20,83;4483000;17,824879
2017-08-31;20,83;20,969999;20,67;20,77;7947900;17,773542
2017-09-01;20,879999;21,459999;20,870001;21,41;6952200;18,321205
2017-09-05;21,35;21,35;20,790001;21,01;7450900;17,978914
2017-09-06;21,15;22,25;21,15;22,17;14297900;18,971561
2017-09-07;22,32;22,440001;21,59;21,719999;6900000;18,586483
2017-09-08;21,700001;21,75;21,27;21,32;6190900;18,244188
2017-09-11;21,049999;21,74;21,049999;21,48;7883900;18,381107
2017-09-12;21,549999;22,32;21,5;22,219999;9068600;19,014349
2017-09-13;22,68;22,870001;22,17;22,65;12715400;19,382313
2017-09-14;22,290001;22,33;21,85;22;8557200;19,145174
2017-09-15;22;22,690001;21,99;22,58;16286500;19,649908
2017-09-18;22,58;22,73;22,09;22,1;8160000;19,232199
2017-09-19;22,26;22,52;21,629999;21,780001;11802400;18,953722
2017-09-20;21,690001;21,690001;21,32;21,48;9665600;18,69265
2017-09-21;21,52;21,549999;20,91;21,16;10284100;18,414179
2017-09-22;21,18;21,65;21,18;21,530001;7187100;18,736166
2017-09-25;21,370001;22,08;21,360001;21,809999;6769400;18,979826
2017-09-26;21,879999;21,99;21,65;21,870001;5342100;19,032043
2017-09-27;21,879999;22,219999;21,73;22,139999;6931000;19,267004
2017-09-28;22,15;22,42;22,01;22,02;6800700;19,16258
2017-09-29;22,059999;22,34;21,76;21,82;7400500;18,988531
2017-10-02;21,719999;21,719999;20,370001;20,889999;22638700;18,179214
2017-10-03;20,99;21,059999;20,48;21,049999;10003800;18,318449
2017-10-04;21;21,01;20,59;20,629999;9526300;17,952951
2017-10-05;20,639999;21,27;20,540001;21,030001;9463800;18,301046
2017-10-06;20,889999;21,08;20,58;20,809999;13235000;18,109596
2017-10-09;20,98;20,99;20,32;20,35;12815500;17,709286
2017-10-10;20,52;20,780001;20,459999;20,66;8440600;17,979059
2017-10-11;20,65;20,74;20,389999;20,469999;7197000;17,813717
2017-10-12;20,42;20,42;20,049999;20,24;9618600;17,61356
2017-10-13;20,309999;20,5;20,1;20,200001;8414100;17,578753
2017-10-16;20,02;20,049999;19,459999;19,889999;21666700;17,308977
2017-10-17;19,879999;19,99;19,68;19,950001;8497400;17,361197
2017-10-18;20;20,33;19,93;20,15;6793400;17,535238
2017-10-19;20,07;20,32;19,940001;20,190001;5317800;17,570047
2017-10-20;20,389999;21,23;20,370001;21,17;13356100;18,42288
2017-10-23;21,27;21,790001;21,27;21,33;12171900;18,562119
2017-10-24;21,469999;21,620001;21,15;21,4;8563500;18,623034
2017-10-25;21,35;21,530001;21,129999;21,24;8364700;18,483797
2017-10-26;21,280001;21,469999;20,92;21,34;7825200;18,570818
2017-10-27;20,360001;20,5;19,6;19,690001;25437200;17,134932
2017-10-30;19,24;19,59;18,620001;18,84;24134200;16,395233
2017-10-31;18,780001;18,91;18,51;18,76;12870300;16,325615
2017-11-01;18,85;19,620001;18,75;18,950001;14932200;16,490955
2017-11-02;19,08;19,35;18,75;18,780001;11041700;16,343018
2017-11-03;18,799999;18,82;18,33;18,360001;14959900;15,977521
2017-11-06;18,32;18,360001;17,940001;18,16;14676500;15,80347
2017-11-07;18,16;18,17;17,41;17,530001;20434300;15,255224
2017-11-08;17,51;17,93;17,42;17,57;19900200;15,29003
2017-11-09;18,01;20,1;17,799999;19,5;60766900;16,969587
2017-11-10;19,51;20,4;19,5;19,98;28654500;17,387299
2017-11-13;19,99;20,1;18,799999;19,33;21387200;16,821644
2017-11-14;19,15;19,73;19,09;19,700001;10707200;17,143635
2017-11-15;19,440001;20,24;19,33;19,98;15102100;17,387299
2017-11-16;20;20,42;19,610001;20,25;11564800;17,622261
2017-11-17;20,68;20,940001;20,24;20,35;14008100;17,709286
2017-11-20;20,34;20,92;20,110001;20,799999;11268200;18,100891
2017-11-21;20,809999;20,82;20,35;20,42;10126400;17,770205
2017-11-22;20,540001;21,139999;20,309999;20,629999;10326200;17,952951
2017-11-24;21,299999;21,65;21,01;21,07;12860800;18,335855
2017-11-27;21,139999;21,360001;20,6;21,209999;16701500;18,457689
2017-11-28;21,41;22,23;21,120001;22,17;16163500;19,293114
2017-11-29;22,280001;24,190001;22,23;23,98;30789800;20,868242
2017-11-30;24,15;24,9;23,73;23,799999;26021800;20,711597
2017-12-01;23,84;24,4;23,389999;24,190001;14783100;21,050989
2017-12-04;24,65;26,26;24,65;25,799999;27017700;22,45207
2017-12-05;25,799999;25,84;24,76;25,219999;16185600;21,94733
2017-12-06;25,15;25,4;24,610001;25,09;12347700;21,8342
2017-12-07;25,530001;25,959999;25,18;25,280001;13003300;21,999544
2017-12-08;25,370001;25,84;24,83;25,799999;13582100;22,45207
2017-12-11;26,1;26,18;25,639999;25,889999;10524900;22,53039
2017-12-12;26;26,370001;25,67;25,690001;9436100;22,356346
2017-12-13;25,719999;26,23;25,48;25,83;9430800;22,478178
2017-12-14;25,469999;25,77;24,440001;24,799999;12283100;21,901924
2017-12-15;24,9;25,15;24,48;24,59;15521300;21,716465
2017-12-18;24,790001;25,969999;24,790001;25,85;12099300;22,829227
2017-12-19;26;26,17;25,23;25,25;9486300;22,299337
2017-12-20;25,5;25,620001;25,15;25,33;10724200;22,369991
2017-12-21;25,450001;25,82;25,280001;25,57;8261400;22,581944
2017-12-22;25,67;25,74;25,389999;25,67;7332700;22,670254
2017-12-26;25,76;27,07;25,74;26,85;12209800;23,712366
2017-12-27;26,870001;26,879999;25,58;25,639999;9910200;22,643764
2017-12-28;25,65;25,82;25,219999;25,719999;9054000;22,714415
2017-12-29;25,74;25,940001;25,18;25,190001;6932600;22,246351
2018-01-02;25,809999;26,33;25,65;26,309999;12512900;23,23547
2018-01-03;26,33;26,639999;25,25;25,33;18650200;22,369991
2018-01-04;25,76;25,84;23,440001;24,49;36761900;21,628151
2018-01-05;24,540001;24,74;24,1;24,48;15655500;21,619318
2018-01-08;24,6;25,08;23,68;24,440001;21249100;21,583994
2018-01-09;24,610001;24,940001;24,389999;24,690001;10381600;21,804777
2018-01-10;24,41;25,82;24,41;25,6;13314500;22,608435
2018-01-11;25,469999;26,35;25,360001;26,299999;8854000;23,226639
2018-01-12;26,51;27,43;26,51;26,889999;13571100;23,74769
2018-01-16;27,059999;27,190001;25,83;25,92;12322800;22,891043
2018-01-17;25,82;26,469999;25,65;26,24;8059700;23,173651
2018-01-18;26,290001;26,9;26,25;26,6;6768300;23,491579
2018-01-19;26,74;27,01;26,379999;27,01;5626600;23,85367
2018-01-22;27,040001;27,299999;26,74;27,25;7038000;24,065624
2018-01-23;27,360001;27,49;26,870001;27,360001;6833500;24,162766
2018-01-24;27,299999;27,639999;26,85;27,25;9893400;24,065624
2018-01-25;27,309999;27,309999;26,459999;26,639999;8191700;23,526905
2018-01-26;26,610001;27,41;26,51;27,4;7240100;24,198093
2018-01-29;27,219999;27,639999;27,030001;27,309999;4604500;24,118608
2018-01-30;27,190001;27,25;26,129999;26,25;7986000;23,182482
2018-01-31;26,33;26,5;25,780001;25,950001;6471000;22,917538
2018-02-01;25,75;26,15;25,48;25,620001;6132700;22,626101
2018-02-02;25,379999;25,540001;24,709999;24,889999;10778600;21,981407
2018-02-05;24,549999;24,889999;23,440001;23,469999;13566800;20,727343
2018-02-06;23;24,4;22,469999;24,16;13717000;21,336712
2018-02-07;24,1;24,99;24,049999;24,76;8930400;21,866598
2018-02-08;24,780001;25,030001;24;24;8868700;21,195412
2018-02-09;24,209999;24,6;23,1;24,15;11298900;21,327881
2018-02-12;24,42;24,5;23,860001;24,190001;7716500;21,363209
2018-02-13;24,139999;24,99;24,059999;24,879999;7371400;21,972574
2018-02-14;24,73;25,82;24,610001;25,639999;7412400;22,643764
2018-02-15;25,82;26,48;25,77;26,459999;8702400;23,367937
2018-02-16;26,4;26,549999;25,950001;26,26;7084700;23,191313
2018-02-20;26,030001;26,280001;25,559999;25,65;7691100;22,652592
2018-02-21;25,709999;26,09;25,530001;25,59;8049400;22,599607
2018-02-22;25,75;26,389999;25,629999;26,17;7453200;23,111828
2018-02-23;26,309999;27,09;25,93;26,74;11097100;23,615219
2018-02-26;27,040001;27,469999;26,51;27,450001;14229000;24,24225
2018-02-27;29,77;31,040001;27,93;28,4;49154600;25,081234
2018-02-28;28,889999;29,889999;28,860001;29,41;20876800;25,973209
2018-03-01;29,42;29,59;28,1;29,25;15812900;25,831905
2018-03-02;28,84;30,690001;28,799999;30,41;16218500;26,856352
2018-03-05;30,219999;30,65;29,780001;30,35;11863600;26,803362
2018-03-06;30,450001;30,67;29,74;30,360001;9008000;26,812195
2018-03-07;30;30,440001;29,77;29,92;8844500;26,423613
2018-03-08;30,01;30,049999;28,83;28,92;9206900;25,54047
2018-03-09;29,309999;29,389999;28,379999;28,879999;9608100;25,505144
2018-03-12;28,879999;29,129999;28,639999;28,76;6937700;25,399166
2018-03-13;28,92;30,290001;28,84;29,82;12574400;26,335297
2018-03-14;29,43;29,58;28,74;29,23;10561200;26,145224
2018-03-15;29,43;29,610001;28,559999;28,799999;6461300;25,760603
2018-03-16;28,719999;29,389999;28,559999;28,9;11000900;25,850048
2018-03-19;28,940001;29,59;28,49;29,299999;9648600;26,207834
2018-03-20;29,34;29,549999;28,66;28,93;8096700;25,876884
2018-03-21;28,92;29,23;28,65;28,68;4888300;25,653269
2018-03-22;28,49;28,870001;28,030001;28,27;5626000;25,286537
2018-03-23;28,370001;28,42;27,18;27,209999;9078800;24,338406
2018-03-26;27,620001;28,040001;27,24;27,9;9049800;24,955584
2018-03-27;27,9;28,6;27,620001;27,860001;7035700;24,919804
2018-03-28;27,9;29,389999;27,83;29,07;11020100;26,002108
2018-03-29;29,200001;29,91;29,1;29,74;9886800;26,601404
2018-04-02;29,75;30,42;28,639999;29,07;12948800;26,002108
2018-04-03;29,190001;29,48;28,940001;28,99;8119400;25,930552
2018-04-04;28,67;30,17;28,67;30,09;6842900;26,914467
2018-04-05;30,09;30,98;29,66;30,93;9499000;27,665815
2018-04-06;30,5;30,690001;29,559999;29,799999;8950500;26,655067
2018-04-09;30;30,129999;29,08;29,15;7105700;26,073668
2018-04-10;29,690001;29,719999;28,85;29,299999;7078500;26,207834
2018-04-11;29,120001;29,450001;28,84;29,07;7224700;26,002108
2018-04-12;29,26;29,34;28,719999;28,9;6013400;25,850048
2018-04-13;29,02;29,040001;27,940001;28,26;10429100;25,277592
2018-04-16;28,68;28,889999;28,459999;28,74;6169600;25,706938
2018-04-17;29,07;29,450001;28,67;28,940001;5222700;25,88583
2018-04-18;29;30,09;28,969999;29,4;9433500;26,297283
2018-04-19;29,219999;29,52;28,77;29,41;6629300;26,306229
2018-04-20;29,4;30,27;29,4;29,959999;10651500;26,798182
2018-04-23;29,9;30,719999;29,620001;30,459999;7088200;27,245415
2018-04-24;30,469999;31,049999;30,059999;30,5;7418000;27,281195
2018-04-25;30,5;30,84;29,91;30,719999;5907300;27,477978
2018-04-26;30,57;31,9;30,459999;31,75;8441800;28,399277
2018-04-27;31,57;32,450001;31,440001;32,189999;7870700;28,792839
2018-04-30;32,290001;32,389999;31,040001;31,07;7683600;27,791042
2018-05-01;30,85;31,709999;30,129999;30,74;8672400;27,495867
2018-05-02;30,610001;31,48;30,42;31,34;5478300;28,032545
2018-05-03;31,309999;31,77;30,93;31,450001;6774800;28,130938
2018-05-04;31,549999;31,620001;30,879999;31,24;6866100;27,943098
2018-05-07;31,18;31,24;29,700001;30,049999;12132000;26,878685
2018-05-08;30;30,190001;29,440001;29,780001;9885700;26,637182
2018-05-09;29,799999;30,17;29,540001;30,139999;5762900;26,959188
2018-05-10;29,34;29,57;28,309999;29,42;16648800;26,315172
2018-05-11;29,24;29,77;29,01;29,639999;8958300;26,511957
2018-05-14;30,02;30,110001;29,5;29,629999;10940900;26,50301
2018-05-15;29,450001;30,200001;28,940001;29,93;15600700;26,771349
2018-05-16;31,959999;33,400002;31,41;33,169998;52682300;29,669415
2018-05-17;33,259998;34,869999;32,900002;33,84;23439600;30,268707
2018-05-18;33,869999;34,310001;32,959999;33,959999;14056700;30,376049
2018-05-21;34,27;35,110001;34,150002;34,610001;10297500;30,957445
2018-05-22;34,360001;34,380001;33,029999;33,119999;17270500;29,624695
2018-05-23;33,25;33,849998;32,91;33,48;9634100;29,946701
2018-05-24;33,389999;34,200001;33,32;34,029999;8680400;30,438658
2018-05-25;34,029999;34,439999;33,610001;34,130001;5698700;30,528107
2018-05-29;33,939999;34,84;33,830002;34,830002;7554500;31,154232
2018-05-30;34,84;36;34,75;35,580002;9485900;31,825085
2018-05-31;35,450001;35,919998;34,27;34,91;9616700;31,22579
2018-06-01;35,049999;35,599998;34,82;35,560001;4881800;31,807186
2018-06-04;35,66;37,169998;35,650002;37,099998;9598400;33,184669
2018-06-05;37,290001;40,279999;37,290001;40,049999;25208900;35,823338
2018-06-06;39,639999;40,540001;39,34;40,099998;16318800;35,868061
2018-06-07;40,049999;41,330002;39,919998;40,209999;15263000;35,966454
2018-06-08;40,189999;40,240002;39,560001;39,880001;7258800;35,67128
2018-06-11;39,970001;40,369999;39,5;39,75;8140000;35,555
2018-06-12;40;40,720001;39,68;39,970001;8215700;35,751785
2018-06-13;39,98;40,240002;38,009998;38,369999;12090200;34,320637
2018-06-14;38,299999;38,299999;37,259998;37,560001;10334900;33,929943
2018-06-15;37,34;38,32;37,299999;38,27;9401600;34,57132
2018-06-18;38,02;38,970001;37,919998;38,73;6367800;34,986855
2018-06-19;38,290001;38,919998;38,220001;38,880001;5568900;35,122364
2018-06-20;38,950001;39,630001;38,650002;39,619999;5136200;35,79084
2018-06-21;39,25;39,77;39,110001;39,32;4897200;35,519836
2018-06-22;39,68;39,709999;37,200001;37,43;7737700;33,812496
2018-06-25;37,5;37,68;36,709999;36,970001;7588900;33,396961
2018-06-26;37;37,91;36,700001;37,860001;6398100;34,200943
2018-06-27;38,209999;38,919998;37,790001;37,880001;6102200;34,219009
2018-06-28;37,669998;38,619999;37,509998;38,48;4930500;34,761021
2018-06-29;38,880001;38,950001;37,400002;37,43;4854400;33,812496
2018-07-02;36,950001;37,110001;36,009998;36,540001;7543000;33,008518
2018-07-03;36,959999;37,52;36,740002;37,130001;2981800;33,541492
2018-07-05;37,48;37,48;36,470001;36,889999;4213400;33,324692
2018-07-06;36,700001;37,360001;36,380001;36,889999;4197500;33,324692
2018-07-09;37,189999;37,470001;36,209999;36,459999;5836500;32,936249
2018-07-10;36,310001;37,25;36,299999;36,720001;6810800;33,17112
2018-07-11;36,52;36,580002;35,799999;36,439999;4536700;32,918182
2018-07-12;36,389999;36,450001;35,310001;36,119999;8728100;32,629112
2018-07-13;36,049999;36,869999;35,950001;36,389999;6018400;32,873013
2018-07-16;36,57;37,290001;35,93;36,990002;7190300;33,415028
2018-07-17;36,779999;37,360001;36,639999;37,07;5874000;33,487293
2018-07-18;37,169998;37,709999;36,849998;37,700001;4491600;34,056412
2018-07-19;37,790001;39,07;37,77;38,959999;9553100;35,19463
2018-07-20;38,639999;39,220001;38,290001;38,650002;9499300;34,914593
2018-07-23;38,59;39,689999;38,439999;39,41;6883200;35,601139
2018-07-24;39,459999;39,5;38,91;39,360001;6053100;35,555973
2018-07-25;39,330002;40,189999;39,18;40,169998;7471200;36,287685
2018-07-26;40,439999;40,939999;39,419998;39,48;4871000;35,664375
2018-07-27;39,59;39,98;39,200001;39,48;4616900;35,664375
2018-07-30;39,490002;40,299999;39,459999;40,27;5449700;36,378021
2018-07-31;40,43;40,549999;39,650002;39,73;6141100;35,890213
2018-08-01;39,41;39,740002;37,84;37,939999;7793900;34,273212
2018-08-02;38,16;38,830002;37,82;38,73;5895500;34,986855
2018-08-03;38,830002;39,450001;38,639999;38,950001;4856100;35,185596
2018-08-06;38,91;38,970001;38,299999;38,779999;4027000;35,032028
2018-08-07;39,080002;39,540001;38,790001;39,470001;5243900;35,655342
2018-08-08;39,400002;39,98;39,400002;39,889999;4365200;36,034748
2018-08-09;40,009998;40,790001;40;40,560001;6022900;36,639996
2018-08-10;40,18;40,709999;39,880001;39,970001;5692800;36,107021
2018-08-13;40,25;40,349998;39,509998;40,080002;5905900;36,20639
2018-08-14;40,540001;41,990002;40,290001;41,82;17124300;37,778221
2018-08-15;38,919998;39,299999;35,119999;35,150002;45129200;31,752855
2018-08-16;35,52;35,939999;34,700001;35,810001;18477100;32,349075
2018-08-17;35,889999;36,259998;35,580002;36,029999;11336800;32,54781
2018-08-20;36,09;38,240002;36,09;38,209999;12929200;34,517117
2018-08-21;38,290001;38,889999;37,049999;38,240002;11034300;34,544212
2018-08-22;38,34;39;37,509998;37,549999;7499100;33,920906
2018-08-23;37,540001;38,349998;37,290001;38,130001;5942800;34,444851
2018-08-24;37,950001;37,950001;36,389999;36,509998;9198400;32,981415
2018-08-27;36,549999;36,939999;36,200001;36,279999;5845700;32,773643
2018-08-28;36,299999;36,700001;36,049999;36,34;7705300;32,82785
2018-08-29;36,110001;36,290001;35,110001;36,209999;8455800;32,710411
2018-08-30;35,919998;36,209999;35,75;35,970001;4199400;32,493607
2018-08-31;35,810001;36,599998;35,720001;36,549999;5508800;33,017551
2018-09-04;35,860001;36,790001;35,790001;36,389999;8832500;32,873013
2018-09-05;36,02;36,389999;35,389999;35,799999;9511500;32,340034
2018-09-06;36,049999;36,34;35,330002;35,360001;6942500;31,94256
2018-09-07;35,389999;36,02;35,049999;35,509998;5704500;32,078064
2018-09-10;35,669998;36,259998;35,540001;35,98;5084100;32,502636
2018-09-11;35,91;36,400002;35,650002;36,389999;4585400;32,873013
2018-09-12;36,68;37,23;36,130001;36,389999;6277100;32,873013
2018-09-13;36,060001;36,439999;35,639999;35,740002;5250000;32,624271
2018-09-14;35,740002;36,380001;35,02;36,27;6351900;33,10807
2018-09-17;36,200001;36,220001;35,09;35,16;5913700;32,09483
2018-09-18;35,220001;35,73;35,209999;35,529999;3433000;32,432579
2018-09-19;35,599998;35,900002;35,34;35,549999;3913900;32,450829
2018-09-20;35,580002;35,630001;34,599998;35,18;6709100;32,113091
2018-09-21;35,389999;36,049999;35,27;35,689999;9012100;32,578629
2018-09-24;35,700001;36,029999;34,740002;34,75;6153200;31,720573
2018-09-25;34,970001;35,119999;34,049999;34,380001;5149500;31,382832
2018-09-26;34,560001;35,130001;34,080002;34,889999;8757500;31,848372
2018-09-27;34,880001;35,060001;34,459999;34,59;3727700;31,574524
2018-09-28;34,599998;35,029999;34,330002;34,73;4403600;31,702318
2018-10-01;34,560001;34,98;34,400002;34,709999;4176100;31,684059
2018-10-02;34,700001;35,259998;33,02;33,029999;8099200;30,150518
2018-10-03;33,130001;33,549999;32,57;33,400002;7065600;30,48827
2018-10-04;33,380001;33,68;32,48;32,869999;9176500;30,004467
2018-10-05;32,869999;33,450001;32,349998;32,830002;9015000;29,967958
2018-10-08;32,790001;33,259998;32,299999;33,18;4700300;30,287445
2018-10-09;33,130001;33,650002;32,849998;33,049999;5984100;30,168779
2018-10-10;33,060001;33,349998;32,700001;32,759998;5136300;29,904057
2018-10-11;33,07;33,950001;31,889999;32,139999;8094500;29,33811
2018-10-12;32,779999;33,860001;32,639999;33,380001;8192100;30,470011
2018-10-15;33,330002;33,810001;33,23;33,389999;5766800;30,479136
2018-10-16;33,5;33,580002;32,830002;33,509998;6571600;30,588675
2018-10-17;33,43;33,599998;31,639999;31,84;10743400;29,064262
2018-10-18;31,74;32,5;31,73;32,41;8242500;29,584572
2018-10-19;32,380001;32,540001;31,75;32,34;7442800;29,520672
2018-10-22;32,669998;33,310001;32,5;32,889999;7511100;30,022726
2018-10-23;32,34;32,610001;31,4;32,540001;7327600;29,703238
2018-10-24;32,560001;33,470001;32,110001;32,220001;6630000;29,411139
2018-10-25;32,27;33,279999;32,139999;33,09;6887800;30,205294
2018-10-26;33,07;33,66;32,09;32,369999;7822300;29,548058
2018-10-29;32,82;35,080002;32,73;33,98;11498300;31,0177
2018-10-30;34,200001;35,77;34,07;35,720001;9319100;32,606018
2018-10-31;35,77;35,880001;34,279999;34,290001;9431600;31,300676
2018-11-01;34,060001;34,790001;33,759998;34,59;5655600;31,574524
2018-11-02;35,279999;36,23;34,959999;35,540001;8011900;32,441708
2018-11-05;35,580002;36,759998;35,279999;36,75;7212200;33,546223
2018-11-06;36,759998;37,049999;36,299999;37,029999;6319200;33,801815
2018-11-07;37,07;37,34;35,919998;37,189999;9498300;33,947861
2018-11-08;37,299999;37,93;36,610001;37,790001;7658800;34,495556
2018-11-09;37,610001;37,93;37,16;37,779999;5809600;34,486427
2018-11-12;37,919998;38,349998;36,970001;37,049999;7933900;33,820065
2018-11-13;37,310001;37,52;35,450001;35,790001;12275400;32,66991
2018-11-14;35,189999;37,32;33;33,220001;29684700;30,323956
2018-11-15;32,5;32,799999;31,42;32,27;17244200;29,456776
2018-11-16;31,75;33,400002;30,639999;33,299999;15920700;30,396984
2018-11-19;33,279999;33,759998;32,560001;33,080002;12354900;30,196163
2018-11-20;31,809999;32,330002;31,43;31,950001;10100900;29,164675
2018-11-21;32,189999;32,810001;31,950001;32,59;8472700;29,74888
2018-11-23;32,740002;32,919998;31,809999;32,009998;4105200;29,219442
2018-11-26;32,150002;32,630001;31,709999;32,560001;11364800;29,721497
2018-11-27;32,389999;33,93;32,34;33,889999;8596200;30,935551
2018-11-28;34,060001;34,52;33,439999;34,419998;7239800;31,419344
2018-11-29;34,48;34,610001;33,029999;33,740002;8948500;30,798628
2018-11-30;33,470001;34,580002;33,380001;34,220001;7059900;31,236782
2018-12-03;34,689999;35,060001;33,650002;34,349998;6926100;31,355446
2018-12-04;34,200001;34,330002;32,330002;32,419998;8747500;29,5937
2018-12-06;31,940001;32,389999;31,25;32,369999;7796100;29,548058
2018-12-07;32,279999;32,549999;31,459999;31,690001;6181400;28,92734
2018-12-10;32,189999;32,439999;30,92;31,889999;6990500;29,109903
2018-12-11;32,32;32,830002;31,5;31,84;5388100;29,064262
2018-12-12;32,259998;32,549999;31,6;32,220001;5871600;29,411139
2018-12-13;31,870001;32,060001;30,379999;30,799999;8246100;28,448238
2018-12-14;30,48;31,559999;30,35;30,610001;6670500;28,272745
2018-12-17;30,35;31,02;29,76;30,280001;7709800;27,967941
2018-12-18;30,450001;31,09;30,34;31,049999;7161900;28,679146
2018-12-19;31,23;31,52;30,27;30,41;7860200;28,088013
2018-12-20;30,120001;30,200001;28,530001;29,120001;9130900;26,896513
2018-12-21;29,190001;29,93;28,129999;28,200001;10327200;26,046761
2018-12-24;27,940001;28,74;27,74;28,15;4023100;26,00058
2018-12-26;28,58;30,15;28,540001;30,129999;7731400;27,829393
2018-12-27;29,620001;30,049999;28,620001;30,040001;7044600;27,746267
2018-12-28;30,280001;30,6;29,48;30,02;5860800;27,727793
2018-12-31;30,040001;30,139999;29,59;29,780001;4760200;27,506119
2019-01-02;29,09;30,959999;29,01;30,76;8168200;28,411289
2019-01-03;30,42;30,780001;29,709999;29,76;7897400;27,487648
2019-01-04;30,190001;30,190001;28,9;29,379999;9569200;27,13666
2019-01-07;29,24;30,370001;28,700001;29,91;9546200;27,62619
2019-01-08;30,4;30,92;29,85;30,83;8982000;28,475943
2019-01-09;31,02;31,99;30,530001;31,719999;7311700;29,297989
2019-01-10;26,370001;26,83;25,5;26,110001;40592400;24,116346
2019-01-11;26,129999;26,780001;25,27;25,42;20375800;23,479031
2019-01-14;25,209999;25,75;24,83;25,08;15681300;23,164993
2019-01-15;25,01;25,110001;24,700001;24,98;9919500;23,072628
2019-01-16;24,59;24,690001;24,049999;24,48;15884100;22,610806
2019-01-17;24,280001;24,879999;24,209999;24,75;8930800;22,860189
2019-01-18;24,91;25,99;24,860001;25,790001;14089400;23,820782
2019-01-22;25,620001;25,690001;24,67;24,9;13222900;22,998735
2019-01-23;25;25,190001;24,5;24,700001;7798600;22,814007
2019-01-24;24,620001;24,620001;24,16;24,51;10834400;22,638515
2019-01-25;24,65;25,549999;24,559999;25,51;8803700;23,56216
2019-01-28;25,379999;25,98;25,16;25,719999;8609600;23,756124
2019-01-29;25,76;25,83;25,23;25,719999;5862800;23,756124
2019-01-30;25,73;25,799999;25,280001;25,719999;4885700;23,756124
2019-01-31;25,559999;26,34;25,5;26,299999;9735800;24,291838
2019-02-01;26,219999;26,48;25,43;25,73;6164300;23,76536
2019-02-04;25,74;26,09;25,469999;25,870001;5115900;23,894672
2019-02-05;25,959999;26,219999;25,76;25,959999;8845700;23,977798
2019-02-06;25,559999;25,889999;25,23;25,370001;6775500;23,432848
2019-02-07;25,4;25,92;25,25;25,66;7432700;23,700706
2019-02-08;25,52;25,549999;25,059999;25,139999;4391800;23,220409
2019-02-11;25,15;25,360001;24,77;25,01;7633200;23,100336
2019-02-12;25,01;25,209999;24,68;24,790001;12867900;22,897135
2019-02-13;24,950001;25,26;24,49;25,24;11260700;23,312775
2019-02-14;25,02;25,469999;24,57;25,139999;7635000;23,220409
2019-02-15;25,35;25,35;24,85;24,879999;7538100;22,980263
2019-02-19;24,93;25,450001;24,68;25,33;9456800;23,395903
2019-02-20;25,190001;25,379999;24,879999;25,02;6241500;23,109573
2019-02-21;25,129999;25,32;24,33;24,450001;7944700;22,583097
2019-02-22;24,309999;24,370001;23,950001;24,059999;13517400;22,222874
2019-02-25;24,26;24,889999;24,24;24,360001;13546500;22,499968
2019-02-26;24,5;25,6;24,200001;24,719999;28343000;22,832479
2019-02-27;24,6;25,58;24,49;25,32;14841400;23,386667
2019-02-28;25,33;25,33;24,51;24,790001;13299400;22,897135
2019-03-01;25,08;25,18;24,459999;24,49;11225200;22,620043
2019-03-04;24,6;24,870001;24,32;24,360001;8274700;22,499968
2019-03-05;24,549999;24,719999;24,280001;24,370001;11211400;22,509207
2019-03-06;24,370001;24,629999;24,030001;24,040001;7124900;22,204403
2019-03-07;24,01;24,040001;23,209999;23,299999;10552700;21,520903
2019-03-08;23,129999;23,200001;22,73;23,09;8633500;21,326939
2019-03-11;23,1;23,690001;23,09;23,57;8029100;21,770288
2019-03-12;23,690001;23,92;23,370001;23,82;8349800;22,0012
2019-03-13;23,75;24,450001;23,610001;24,02;9428700;22,18593
2019-03-14;23,57;23,9;23,370001;23,629999;6036100;22,174669
2019-03-15;23,690001;23,75;23,299999;23,709999;10954400;22,249741
2019-03-18;23,75;23,93;23,540001;23,889999;6168800;22,418655
2019-03-19;23,950001;24,26;23,700001;23,950001;9581400;22,474962
2019-03-20;23,889999;24,08;23,41;23,629999;7098600;22,174669
2019-03-21;23,68;24,08;23,459999;24,030001;5363800;22,550034
2019-03-22;23,99;24,01;23,26;23,309999;6627200;21,874376
2019-03-25;23,35;24,18;23,190001;23,860001;8751400;22,390503
2019-03-26;24,07;24,49;23,690001;23,93;7720900;22,456192
2019-03-27;23,91;24,48;23,83;24,33;6943700;22,831554
2019-03-28;24,530001;24,690001;24,190001;24,190001;9196600;22,70018
2019-03-29;24,379999;24,48;23,879999;24,030001;6847600;22,550034
2019-04-01;24,17;24,639999;24,059999;24,469999;6973600;22,962933
2019-04-02;24,549999;24,74;24,25;24,67;6588400;23,150616
2019-04-03;24,9;24,98;24,469999;24,610001;6619000;23,094313
2019-04-04;24,66;26,030001;24,59;25,99;14218700;24,389318
2019-04-05;26;26,33;25,41;25,49;11618700;23,920113
2019-04-08;25,48;25,98;25,469999;25,66;7307700;24,079645
2019-04-09;25,5;25,620001;25,01;25,07;6998100;23,52598
2019-04-10;25,309999;25,59;24,629999;24,76;7233300;23,235075
2019-04-11;24,84;25,02;24,299999;24,32;9959300;22,822172
2019-04-12;24,51;24,879999;24,25;24,280001;6136900;22,784637
2019-04-15;24,32;24,879999;24,07;24,59;6897700;23,075542
2019-04-16;24,639999;24,77;24,48;24,65;5787000;23,131849
2019-04-17;24,709999;25,389999;24,66;24,959999;5968900;23,422754
2019-04-18;25;25,190001;24,74;25,08;4865900;23,535366
2019-04-22;25,08;25,120001;24,120001;24,33;10141400;22,831554
2019-04-23;24,48;24,780001;24,1;24,65;8275200;23,131849
2019-04-24;24,549999;25,76;24,200001;25,049999;12080700;23,507212
2019-04-25;24,98;25;24,07;24,129999;9189600;22,643873
2019-04-26;23,85;24,299999;23,58;24,26;6151300;22,765869
2019-04-29;24,389999;24,5;24;24,09;4691200;22,606337
2019-04-30;24,1;24,15;23,540001;23,540001;8351400;22,090212
2019-05-01;23,639999;23,9;23,370001;23,370001;8264700;21,930681
2019-05-02;23,370001;23,58;23,219999;23,43;5329700;21,986986
2019-05-03;23,549999;23,620001;23,219999;23,24;5575100;21,808687
2019-05-06;22,98;23,26;22,66;23,200001;7199500;21,771152
2019-05-07;23,07;23,15;22,6;22,790001;7553000;21,386402
2019-05-08;22,68;23,120001;22,440001;22,719999;6905700;21,320711
2019-05-09;22,610001;22,950001;22,370001;22,700001;6822800;21,301947
2019-05-10;22,540001;22,719999;22,110001;22,459999;8843200;21,076727
2019-05-13;22,17;22,200001;21,43;21,58;10853000;20,250925
2019-05-14;21,629999;22,02;21,08;21,799999;14401000;20,457375
2019-05-15;22,25;22,68;21,379999;21,700001;33610900;20,363535
2019-05-16;21,799999;21,91;21,35;21,5;14595600;20,17585
2019-05-17;21,360001;22,200001;21,23;21,77;12143200;20,429224
2019-05-20;21,57;21,709999;21,23;21,58;10821400;20,250925
2019-05-21;21,190001;21,879999;20,860001;21,77;13046800;20,429224
2019-05-22;21,68;21,860001;21,43;21,85;10947700;20,504295
2019-05-23;21,52;21,639999;21,200001;21,27;10484000;19,960016
2019-05-24;21,32;21,360001;20,809999;21,01;9620100;19,716032
2019-05-28;21;21,379999;20,91;21,040001;8088800;19,744183
2019-05-29;20,85;21,139999;20,57;20,940001;8040100;19,650341
2019-05-30;21,049999;21,299999;20,690001;20,75;7866700;19,472044
2019-05-31;20,57;20,65;20,049999;20,57;11302700;19,303127
2019-06-03;20,540001;21,299999;20,49;21,16;9660500;19,856791
2019-06-04;21,27;21,73;21,27;21,620001;13136400;20,288462
2019-06-05;21,700001;21,74;20,959999;21,059999;7458200;19,762949
2019-06-06;21;21;20,02;20,48;14442200;19,218672
2019-06-07;20,5;20,59;20,209999;20,43;10144800;19,171753
2019-06-10;20,610001;21,700001;20,6;21,67;14771600;20,335382
2019-06-11;21,540001;21,93;21,51;21,92;9250300;20,569984
2019-06-12;21,889999;22,01;21,26;21,450001;8990600;20,128933
2019-06-13;21,16;21,91;21,129999;21,77;9894500;20,795692
2019-06-14;21,75;21,75;21,07;21,559999;9284300;20,595091
2019-06-17;21,5;22,09;21,32;21,719999;7624700;20,747929
2019-06-18;21,75;22,200001;21,549999;21,9;8347300;20,919874
2019-06-19;21,9;22,24;21,58;22,139999;8756200;21,149132
2019-06-20;22,33;22,35;21,620001;21,92;7397800;20,93898
2019-06-21;21,98;22,450001;21,700001;22,299999;9181800;21,30197
2019-06-24;22,15;22,190001;21,68;21,799999;6700800;20,824348
2019-06-25;21,82;21,82;21,18;21,299999;8098100;20,346725
2019-06-26;21,379999;21,91;21,290001;21,65;8100300;20,681063
2019-06-27;21,950001;22,040001;21,280001;21,530001;8020800;20,566433
2019-06-28;21,549999;21,75;21,360001;21,459999;10029900;20,499565
2019-07-01;21,790001;22,370001;21,280001;21,389999;10507100;20,432697
2019-07-02;21,370001;21,370001;20,870001;21,040001;7663800;20,098362
2019-07-03;21,129999;21,459999;20,98;21,27;4552800;20,318069
2019-07-05;21,219999;21,83;21,219999;21,700001;5873600;20,728825
2019-07-08;21,690001;21,82;21,42;21,67;7395300;20,700167
2019-07-09;21,57;21,959999;21,23;21,23;10040200;20,27986
2019-07-10;21,35;21,389999;21,129999;21,18;6080400;20,232098
2019-07-11;21,24;21,43;21,030001;21,4;6225300;20,442249
2019-07-12;21,450001;22,209999;21,450001;21,91;7459000;20,929426
2019-07-15;21,950001;22,389999;21,860001;22,040001;6950500;21,053608
2019-07-16;22,040001;22,379999;21,92;22,030001;7831100;21,044056
2019-07-17;22,01;22,02;21,4;21,52;7144500;20,556881
2019-07-18;21,370001;21,6;21,09;21,549999;6465500;20,585537
2019-07-19;21,6;22,280001;21,559999;22,1;7685100;21,110924
2019-07-22;22,18;22,57;21,889999;22,09;6439400;21,10137
2019-07-23;22,200001;22,690001;22,18;22,6;6294400;21,588547
2019-07-24;22,610001;23,4;22,559999;23,25;8578800;22,209455
2019-07-25;23,15;23,25;22,540001;22,77;7162200;21,750937
2019-07-26;22,84;22,93;22,42;22,870001;5135700;21,846462
2019-07-29;22,950001;23;22,33;22,690001;5448300;21,674519
2019-07-30;22,59;22,67;22,040001;22,530001;6236200;21,521679
2019-07-31;22,51;22,99;22,370001;22,73;10380700;21,712727
2019-08-01;22,719999;22,85;21,08;21,209999;11948700;20,260754
2019-08-02;21,15;21,58;21,030001;21,290001;7022700;20,337175
2019-08-05;20,950001;20,98;19,799999;20,629999;16221900;19,706711
2019-08-06;20,76;20,879999;20,41;20,85;7684500;19,916866
2019-08-07;20,530001;20,66;20,15;20,440001;7865600;19,525217
2019-08-08;20,549999;20,75;20,18;20,32;7433400;19,410585
2019-08-09;20,280001;20,34;19,360001;19,43;11805600;18,560417
2019-08-12;19,41;19,469999;18,950001;19,280001;11543500;18,417131
2019-08-13;19,16;20,25;18,860001;19,360001;15827000;18,493551
2019-08-14;16,4;17,190001;15,82;16,799999;65059000;16,04812
2019-08-15;16,690001;16,940001;15,8;16,16;23129100;15,436765
2019-08-16;16,25;16,42;15,9;15,98;14808600;15,26482
2019-08-19;16,129999;16,299999;15,91;16,129999;13828000;15,408107
2019-08-20;16,120001;16,16;15,36;15,36;20307500;14,672568
2019-08-21;15,57;15,66;15,35;15,38;16189300;14,691674
2019-08-22;15,6;15,87;15,47;15,56;15188900;14,863619
2019-08-23;15,34;15,53;14,84;14,94;18805500;14,271365
2019-08-26;15;15,09;14,68;14,71;11042600;14,05166
2019-08-27;14,81;14,84;14,28;14,3;12967200;13,660009
2019-08-28;14,25;14,76;14,2;14,62;17208600;13,965687
2019-08-29;14,78;15,1;14,74;14,91;14414400;14,242708
2019-08-30;14,97;15,25;14,71;14,76;10167200;14,099422
2019-09-03;14,65;14,65;14,31;14,39;11889300;13,745981
2019-09-04;14,55;14,95;14,52;14,91;10116100;14,242708
2019-09-05;15,12;15,75;15,12;15,31;16466700;14,624806
2019-09-06;15,58;15,66;15,31;15,39;12993700;14,701226
2019-09-09;15,49;16,26;15,42;16,18;16072900;15,455871
2019-09-10;16,299999;17,110001;16,26;17,1;21902500;16,334696
2019-09-11;17,25;17,85;16,75;17,84;20562200;17,041576
2019-09-12;17,309999;17,48;16,809999;17;16574800;16,5907
2019-09-13;17,25;17,6;17,02;17,139999;14249100;16,727329
2019-09-16;17,049999;17,469999;17,01;17,42;10813100;17,000587
2019-09-17;17,120001;17,120001;16,51;16,629999;17183900;16,229609
2019-09-18;16,58;16,709999;16,16;16,27;12162500;15,878277
2019-09-19;16,540001;16,549999;15,67;15,72;13673900;15,341518
2019-09-20;15,78;15,95;15,32;15,41;17813300;15,038981
2019-09-23;15,3;15,66;15,17;15,54;9154800;15,165852
2019-09-24;15,61;15,77;15,11;15,26;10166200;14,892593
2019-09-25;15,29;15,82;15,21;15,54;9272100;15,165852
2019-09-26;15,74;15,74;15,16;15,25;11217500;14,882833
2019-09-27;15,5;15,73;15,12;15,29;12566300;14,921871
2019-09-30;15,26;15,56;15,18;15,54;9577200;15,165852
2019-10-01;15,62;15,85;15,27;15,55;13211700;15,175611
2019-10-02;15,47;15,47;14,6;14,65;16505800;14,297279
2019-10-03;14,56;14,85;14,11;14,8;14743800;14,443668
2019-10-04;14,66;15,01;14,66;14,96;8699500;14,599816
2019-10-07;15,05;15,39;14,85;15,03;15486700;14,668131
2019-10-08;14,8;14,97;14,57;14,84;10557200;14,482705
2019-10-09;14,94;15,11;14,88;14,91;8348500;14,55102
2019-10-10;15,01;15,48;14,97;15,3;10803500;14,93163
2019-10-11;15,48;15,9;15,45;15,72;11938800;15,341518
2019-10-14;15,72;15,72;15,09;15,3;11717600;14,93163
2019-10-15;15,39;15,98;15,31;15,69;9306500;15,31224
2019-10-16;15,55;16,120001;15,5;15,78;9089900;15,400073
2019-10-17;15,89;16,1;15,7;15,78;9621700;15,400073
2019-10-18;15,23;15,48;14,9;15,12;18342300;14,755963
2019-10-21;15,21;15,59;15,21;15,43;9386700;15,0585
2019-10-22;15,61;15,93;15,14;15,86;9443900;15,478147
2019-10-23;15,83;15,85;15,43;15,67;8518400;15,292722
2019-10-24;15,67;15,69;15,19;15,39;10591700;15,019464
2019-10-25;15,31;15,65;15,21;15,58;8710200;15,204888
2019-10-28;15,66;15,72;15,45;15,45;8848300;15,078018
2019-10-29;15,42;15,49;15,25;15,27;8449500;14,902353
2019-10-30;15,24;15,4;14,88;15,12;12678100;14,755963
2019-10-31;14,94;15,16;14,68;15,16;12204200;14,795001
2019-11-01;15,25;15,75;15,21;15,58;10798800;15,204888
2019-11-04;15,75;16,059999;15,71;15,85;10288700;15,468389
2019-11-05;16,08;16,709999;16,030001;16,709999;19489500;16,307682
2019-11-06;16,620001;16,700001;15,91;15,97;17949000;15,585499
2019-11-07;16,309999;16,66;16,18;16,219999;14387600;15,829479
2019-11-08;16,1;16,17;15,6;15,88;14904500;15,497666
2019-11-11;15,85;16,299999;15,64;16,049999;15605700;15,663572
2019-11-12;15,92;16,42;15,52;16,08;23176200;15,69285
2019-11-13;15,95;16,16;15,74;16,07;14562900;15,683091
2019-11-14;16,190001;16,6;16,09;16,24;17456000;15,848998
2019-11-15;16,49;17,01;16,389999;16,85;17379900;16,444311
2019-11-18;16,85;16,9;16,51;16,879999;19801000;16,473589
2019-11-19;15,88;15,95;15;15,04;48242000;14,67789
2019-11-20;15,19;15,24;14,86;15,02;23793300;14,658372
2019-11-21;14,5;15,22;14,3;14,67;42280300;14,316798
2019-11-22;14,75;15,46;14,58;15,43;28085600;15,0585
2019-11-25;15,55;15,71;15,13;15,56;20861600;15,18537
2019-11-26;15,59;15,85;15,36;15,37;35569100;14,999945
2019-11-27;15,5;15,66;15,29;15,48;16890000;15,107296
2019-11-29;15,5;15,5;15,26;15,32;7481800;14,951148
2019-12-02;15,41;15,69;15,2;15,4;18074400;15,029222
2019-12-03;15,16;15,16;14,84;14,87;20761100;14,511983
2019-12-04;14,98;15,05;14,82;14,84;15997800;14,482705
2019-12-05;14,9;15,26;14,9;15,11;22719600;14,746204
2019-12-06;15,35;15,52;15,11;15,15;17138600;14,785241
2019-12-09;14,87;15,61;14,76;15,48;32210000;15,107296
2019-12-10;15,44;15,77;15,33;15,74;18199300;15,361036
2019-12-11;15,78;15,96;15,65;15,7;21975800;15,322
2019-12-12;15,33;15,86;15,25;15,71;20136900;15,71
2019-12-13;15,75;15,75;15,17;15,18;17278500;15,18
2019-12-16;15,31;15,76;15,25;15,63;20681200;15,63
2019-12-17;15,58;16,18;15,48;16,030001;18526800;16,030001
2019-12-18;16,190001;16,790001;16,059999;16,530001;23787000;16,530001
2019-12-19;16,459999;16,51;15,96;16,08;20752400;16,08
2019-12-20;16,200001;16,299999;16,030001;16,200001;18479300;16,200001
2019-12-23;16,299999;16,41;16,139999;16,200001;12564700;16,200001
2019-12-24;16,24;16,33;16,09;16,120001;5808700;16,120001
2019-12-26;16,23;16,540001;16,16;16,540001;12179500;16,540001
2019-12-27;16,549999;16,67;16,43;16,51;10256700;16,51
2019-12-30;16,549999;16,940001;16,49;16,77;12869800;16,77
2019-12-31;16,719999;17,049999;16,639999;17;12927800;17
2020-01-02;17,18;17,27;16,389999;16,52;26388100;16,52
2020-01-03;16,32;16,610001;16,209999;16,530001;12026100;16,530001
2020-01-06;16,52;17,26;16,51;17,1;20253700;17,1
2020-01-07;17,4;17,77;17,280001;17,67;19915500;17,67
2020-01-08;18,07;18,57;17,540001;18,1;35758500;18,1
2020-01-09;18,23;18,23;17,35;17,709999;18364900;17,709999
2020-01-10;17,629999;17,809999;17,469999;17,809999;11387500;17,809999
2020-01-13;17,780001;17,99;17,549999;17,879999;11130300;17,879999
2020-01-14;17,91;18,049999;17,75;17,860001;10331400;17,860001
2020-01-15;17,700001;17,76;17,32;17,42;11017600;17,42
2020-01-16;17,469999;17,6;17,280001;17,530001;9013300;17,530001
2020-01-17;17,57;17,68;17,440001;17,57;6988400;17,57
2020-01-21;17,58;17,59;16,950001;16,99;12769700;16,99
2020-01-22;17,17;17,4;17,030001;17,15;8827600;17,15
